filename,sample_id,round,lat,lng,country_code,heading,pitch,panoId
1NJsXTxIF9GGMDxC_1.png,1NJsXTxIF9GGMDxC,1,41.40303624959777,74.02089741449993,kg,270,2,734B7879667759783237454F6E426E425A69785A5641
1NJsXTxIF9GGMDxC_2.png,1NJsXTxIF9GGMDxC,2,6.423349253651318,99.6642046648161,my,131,2,6E4E33645562666C4E496D516C373878364C62564341
1NJsXTxIF9GGMDxC_3.png,1NJsXTxIF9GGMDxC,3,43.84304964357118,20.034383994690174,rs,344,2,4C57713169566A6D5F30327A53754338773261356C41
1NJsXTxIF9GGMDxC_4.png,1NJsXTxIF9GGMDxC,4,-31.732751365350335,-60.81548884540411,ar,199,2,65567376527368467A4834657A6A444A516F72726667
1NJsXTxIF9GGMDxC_5.png,1NJsXTxIF9GGMDxC,5,-22.97019983505943,28.146998899369024,za,228,2,43314356434E62554B624E374C364449413550786C67
2xnQdwiCve2rHWVt_1.png,2xnQdwiCve2rHWVt,1,16.449322022294556,102.69042821244592,th,89,2,68594B5F7A58305373304D5667624B7A68377A505477
2xnQdwiCve2rHWVt_2.png,2xnQdwiCve2rHWVt,2,24.764846974538994,92.22489415995943,bd,39,2,776E444B2D54354471467573656B367A73654D477277
2xnQdwiCve2rHWVt_3.png,2xnQdwiCve2rHWVt,3,-1.976980537364828,112.86282263394338,id,263,2,42696A6F76566D30734B743372563541554975435451
2xnQdwiCve2rHWVt_4.png,2xnQdwiCve2rHWVt,4,50.50844404732489,18.610769135293165,pl,158,2,39467A4E725243413753764F59564372334153546667
2xnQdwiCve2rHWVt_5.png,2xnQdwiCve2rHWVt,5,41.76020514643013,-8.321659769495374,pt,24,2,53382D55554F526D434B317A53534449616952644741
3I4ZtihbhZy5qZzQ_1.png,3I4ZtihbhZy5qZzQ,1,23.00830879600978,88.94799147123058,bd,272,0,7958424C6F784B71323141546D53657932796C487777
3I4ZtihbhZy5qZzQ_2.png,3I4ZtihbhZy5qZzQ,2,-19.667146970661165,147.4138211827253,au,342,0,385A6D575179415F56714233444B33304854674E4D41
3I4ZtihbhZy5qZzQ_3.png,3I4ZtihbhZy5qZzQ,3,49.715554952313276,-113.41147774438048,ca,9.999999747378752e-05,0,4C7A45464C6F79474C69464A6C6D4A4B5369694E3241
3I4ZtihbhZy5qZzQ_4.png,3I4ZtihbhZy5qZzQ,4,-40.37778243014568,175.57573776597343,nz,329,0,56647334502D79434A4B70435F66796B492D446E5051
3I4ZtihbhZy5qZzQ_5.png,3I4ZtihbhZy5qZzQ,5,8.884326833884693,-79.77722401337483,pa,150,0,6E576C42665F39486177755076716A6F4C485F6E7577
3OuVMcpGjmm0tVfG_1.png,3OuVMcpGjmm0tVfG,1,-1.9438031087081225,115.58373416524375,id,133,0,46346657364B63595F546F4F43316149654F34417077
3OuVMcpGjmm0tVfG_2.png,3OuVMcpGjmm0tVfG,2,-36.860441972696485,174.59459011186317,nz,47,0,6252426F314977675668543066436636314938363941
3OuVMcpGjmm0tVfG_3.png,3OuVMcpGjmm0tVfG,3,-7.664903995418924,109.64580000388769,id,189,0,306E55743462335F4967633150394E327537335A5851
3OuVMcpGjmm0tVfG_4.png,3OuVMcpGjmm0tVfG,4,-14.292342550256954,-43.6792923374248,br,85,0,6C753135493052335F475A55454F48686F3965424251
3OuVMcpGjmm0tVfG_5.png,3OuVMcpGjmm0tVfG,5,-23.314295902196125,-64.22582182624905,ar,189,0,374A427873703448693677347075396235556B545067
3uP6lYo9pzx5Q0km_1.png,3uP6lYo9pzx5Q0km,1,61.94650347348063,7.9820736829081,no,287,2,4F4D52585F5071454B627544586A4B50636C35436441
3uP6lYo9pzx5Q0km_2.png,3uP6lYo9pzx5Q0km,2,59.17469698386533,11.025775497583513,no,26,2,537361542D33453431376D336B3776755F305F546351
3uP6lYo9pzx5Q0km_3.png,3uP6lYo9pzx5Q0km,3,49.052249944735976,15.950257450047154,cz,4,2,416A4246462D616B79614F4F47565A50745A30313041
3uP6lYo9pzx5Q0km_4.png,3uP6lYo9pzx5Q0km,4,-8.535931554066428,116.2347810374209,id,76,2,684B424261415968686E474E73654939763366352D51
3uP6lYo9pzx5Q0km_5.png,3uP6lYo9pzx5Q0km,5,42.81629327062595,19.3952947212698,me,39,2,4372413032623542464234625F4F33714E5666733641
4UvmdTHySo6AXW4M_1.png,4UvmdTHySo6AXW4M,1,50.16706909674855,6.0118908091033925,lu,330.3577880859375,1.0099999904632568,6D526771737865533242545A794C46726E7563475567
4UvmdTHySo6AXW4M_2.png,4UvmdTHySo6AXW4M,2,-19.366601183488843,-50.98271409887331,br,295.1637268066406,1.9199999570846558,3841697956745F617248684C6C563753426D6B2D6B67
4UvmdTHySo6AXW4M_3.png,4UvmdTHySo6AXW4M,3,53.0956799347932,20.833352028983573,pl,333.967529296875,1.3600000143051147,5430625532645338754D4D4470645A6B486E382D3541
4UvmdTHySo6AXW4M_4.png,4UvmdTHySo6AXW4M,4,37.327067913583335,-108.93372563900277,us,278.19873046875,1.0399999618530273,616535796E335071434B3256455168387A5771546551
4UvmdTHySo6AXW4M_5.png,4UvmdTHySo6AXW4M,5,13.56454384567304,103.05317053940732,kh,6.904018402099609,1.149999976158142,794445436F7A58454F336F31786B726E56474B755741
56Q4T4rpv9O9sCpP_1.png,56Q4T4rpv9O9sCpP,1,47.01044207465125,9.50752445097967,ch,10,2,54592D393663687858686B344E6E5543496D7A364951
56Q4T4rpv9O9sCpP_2.png,56Q4T4rpv9O9sCpP,2,-34.312599903540196,19.638025358492094,za,53,2,69512D344E36767751424E624F626A746B5854784A67
56Q4T4rpv9O9sCpP_3.png,56Q4T4rpv9O9sCpP,3,7.043839314459737,80.0706172922699,lk,308,2,6E4C31754E4D776E52764B64764E5A33456F386F6941
56Q4T4rpv9O9sCpP_4.png,56Q4T4rpv9O9sCpP,4,-27.262622689849266,148.05449620382456,au,175,2,59487A6D4F59697951576D4141794331746F32344651
56Q4T4rpv9O9sCpP_5.png,56Q4T4rpv9O9sCpP,5,-24.85980623572541,29.060413475988206,za,106,2,4D3141634176694C54416737656D4F51375F5A6A3377
5GS2RPgTrf85UZM5_1.png,5GS2RPgTrf85UZM5,1,42.67687892243718,24.681300744431955,bg,130,2,4374674943745F784C644D46654D4545774A464A5551
5GS2RPgTrf85UZM5_2.png,5GS2RPgTrf85UZM5,2,54.749980595846026,-1.898255221012861,gb,192,2,7558514A38557A6A387747656A7734713753424E7541
5GS2RPgTrf85UZM5_3.png,5GS2RPgTrf85UZM5,3,-18.871650425642148,-63.374941514270006,bo,179,2,6D394B5569705A5971647674576E72616174626C3267
5GS2RPgTrf85UZM5_4.png,5GS2RPgTrf85UZM5,4,31.947302857704198,35.86465030031928,jo,320,2,744A597057776A6F4B3051316970323978394E415451
5GS2RPgTrf85UZM5_5.png,5GS2RPgTrf85UZM5,5,50.995895795267,4.418483799121004,be,290,2,36345A414E4748575A37514E3446674D2D56776D6451
5bPlIRT7eGN79a2E_1.png,5bPlIRT7eGN79a2E,1,7.57293171357181,126.56203724719322,ph,330,2,58704D4F5A70696B526A6643476D54664A64375F4A77
5bPlIRT7eGN79a2E_2.png,5bPlIRT7eGN79a2E,2,51.49342221233289,-101.42891085792623,ca,192,2,33576357504F314D6169487A4D726C316F324A6D4567
5bPlIRT7eGN79a2E_3.png,5bPlIRT7eGN79a2E,3,31.542304751248153,-107.24376635167894,mx,257,2,67316D714B336774516B50485665374E636764734D41
5bPlIRT7eGN79a2E_4.png,5bPlIRT7eGN79a2E,4,22.2871271891676,105.8728615504137,vn,177,2,4D773573317077524964694C39432D55774A73427241
5bPlIRT7eGN79a2E_5.png,5bPlIRT7eGN79a2E,5,-51.65219967358533,-72.59062803629287,cl,132,2,376D577A6C4B78575A436644414A705F4239762D5A41
5l0GTCFZI877KxkV_1.png,5l0GTCFZI877KxkV,1,21.235209513173505,-87.43325628686506,mx,89,2,6431644F5270587877363368754E564B785879635767
5l0GTCFZI877KxkV_2.png,5l0GTCFZI877KxkV,2,14.707900710028454,105.50271519154438,th,120,2,61526734677944754647616A55676B69315345445767
5l0GTCFZI877KxkV_3.png,5l0GTCFZI877KxkV,3,53.566158040792736,33.41582622747034,ru,87,2,5A49336B556550494E4F534D76334B6A73746F4D6F51
5l0GTCFZI877KxkV_4.png,5l0GTCFZI877KxkV,4,33.27558332812898,133.2243037631552,jp,323,2,4B556C4B45434B385A464C30424A7A52682D39793951
5l0GTCFZI877KxkV_5.png,5l0GTCFZI877KxkV,5,68.77732497616809,18.16691118854459,no,3,2,456F6755752D453656683742774A6437787778464A41
67gLC5CcGgkQIWEW_1.png,67gLC5CcGgkQIWEW,1,50.364646297843784,25.75514187130782,ua,26,0,71633168575964757951316172337174545A304B4F67
67gLC5CcGgkQIWEW_2.png,67gLC5CcGgkQIWEW,2,43.175323897592975,26.500068318482043,bg,329,0,364248425863586F4B71746430416A3652574B457867
67gLC5CcGgkQIWEW_3.png,67gLC5CcGgkQIWEW,3,44.67390635217985,26.717414844637076,ro,242,0,527148457879682D4C585A47313775674334646F3777
67gLC5CcGgkQIWEW_4.png,67gLC5CcGgkQIWEW,4,37.72364438255973,126.48075517089157,kr,47,0,385A39754B5F4E5F716B6A43466E4D5F416F49506B51
67gLC5CcGgkQIWEW_5.png,67gLC5CcGgkQIWEW,5,9.905339759679407,123.82334499424445,ph,29,0,4F423579696E456846435339665350362D4E4A647767
6fGwHxCTvCbaK77Q_1.png,6fGwHxCTvCbaK77Q,1,-7.481667150689077,-48.79507265638942,br,226,2,73657A5356535F7145476F616E7A6A6C394D72466641
6fGwHxCTvCbaK77Q_2.png,6fGwHxCTvCbaK77Q,2,25.653089020744467,87.30578190808355,in,344,2,5564656B5349776C4B35774162666759327178773467
6fGwHxCTvCbaK77Q_3.png,6fGwHxCTvCbaK77Q,3,53.8633307955069,102.1743720926898,ru,155,2,2D6567525F6A2D587A48434431585163614C52517641
6fGwHxCTvCbaK77Q_4.png,6fGwHxCTvCbaK77Q,4,-38.08957964056736,177.37385773562062,nz,165,2,64584741673076356767487A4B577265595468683941
6fGwHxCTvCbaK77Q_5.png,6fGwHxCTvCbaK77Q,5,-34.85397455314804,-55.126061077137464,uy,32,2,357174556D6C4A72305F6E354A43535F476E546E4C77
6ypQOh9cOoE7WaWH_1.png,6ypQOh9cOoE7WaWH,1,42.738212627906115,18.851401585045032,me,228,2,6C485848335F635431786C7A54587965674F496E2D51
6ypQOh9cOoE7WaWH_2.png,6ypQOh9cOoE7WaWH,2,49.872144715606666,-111.35928100782871,ca,1,2,78624D58787A787669504B4C34486B624177524A6D41
6ypQOh9cOoE7WaWH_3.png,6ypQOh9cOoE7WaWH,3,7.309947991852174,-72.87120424623934,co,112,2,4C663374557943424473497975714F666A526D496B67
6ypQOh9cOoE7WaWH_4.png,6ypQOh9cOoE7WaWH,4,-32.48493850102399,-64.9995489783023,ar,169,2,734E41434578617A49772D553861626243597A386841
6ypQOh9cOoE7WaWH_5.png,6ypQOh9cOoE7WaWH,5,-30.146124458741866,152.5926999952255,au,208,2,50654362434A43777772695A62766A39324E42633177
74bPHM081cMUaNKT_1.png,74bPHM081cMUaNKT,1,47.64552015183677,116.98853139060236,mn,91,2,4B53456F59767935596F716B34567953676B6D6C6267
74bPHM081cMUaNKT_2.png,74bPHM081cMUaNKT,2,-30.12115250816304,24.647820100261523,za,193,2,387931456935514643384E7943744C422D544F705441
74bPHM081cMUaNKT_3.png,74bPHM081cMUaNKT,3,42.49066265751216,1.4951672478780103,ad,308,2,4176724847314E3348623343596C726F556979417A67
74bPHM081cMUaNKT_4.png,74bPHM081cMUaNKT,4,-0.15994216565985925,35.44848939641084,ke,255,2,51536745314E386634704A705959574E717845776B51
74bPHM081cMUaNKT_5.png,74bPHM081cMUaNKT,5,36.93257422483265,30.7476726672058,tr,347,2,7941772D6D3967374A626E6F395332694E6565683651
8G5DpHP2KCtVKrk9_1.png,8G5DpHP2KCtVKrk9,1,-22.37171771803093,-41.77766333615372,br,167,0,467643634C6E783459744E765838345875526D507667
8G5DpHP2KCtVKrk9_2.png,8G5DpHP2KCtVKrk9,2,44.037864498942064,-64.71324058641856,ca,53,0,4D5547716D57706270386F514F5177365443476C6951
8G5DpHP2KCtVKrk9_3.png,8G5DpHP2KCtVKrk9,3,48.40151194434177,2.4524790131868097,fr,178,0,755959776D6B5A345878735879523149373251377051
8G5DpHP2KCtVKrk9_4.png,8G5DpHP2KCtVKrk9,4,42.10389745350263,140.60106156189246,jp,277,0,5A6662487875555F5364594C41642D42516337766667
8G5DpHP2KCtVKrk9_5.png,8G5DpHP2KCtVKrk9,5,20.539249695180946,-100.6910673642837,mx,112,0,494A304A4F737A35414367477A2D45694C77596E6F77
8Uo6ejwXYqmp9av3_1.png,8Uo6ejwXYqmp9av3,1,16.2875532217372,104.0492111382555,th,81,0,4A365233315A4233727662644B494B6E444D65727667
8Uo6ejwXYqmp9av3_2.png,8Uo6ejwXYqmp9av3,2,59.35109797652124,10.87124504851677,no,4,0,72555A78446B71336266434475546B2D476A6A722D67
8Uo6ejwXYqmp9av3_3.png,8Uo6ejwXYqmp9av3,3,-0.2973988359904683,-78.52305753609255,ec,184,0,4B4F654D3565786963484F2D6E316241613268586F41
8Uo6ejwXYqmp9av3_4.png,8Uo6ejwXYqmp9av3,4,38.184795663895564,128.60424741695059,kr,72,0,6E49305A39505A366A4D555065696B6935596C746A77
8Uo6ejwXYqmp9av3_5.png,8Uo6ejwXYqmp9av3,5,-21.046669897700955,24.39948777074251,bw,118,0,6F774F695A626541734C4C774F354B76424B77396741
9NNxopqtafH8pTbN_1.png,9NNxopqtafH8pTbN,1,-40.78539054470481,145.2741511042173,au,17,2,57326851545357377A4B69414A59677155736C307A51
9NNxopqtafH8pTbN_2.png,9NNxopqtafH8pTbN,2,53.32230182795397,5.80391042753017,nl,144,2,4A63784734477A6A56476F335F4C6270343974443441
9NNxopqtafH8pTbN_3.png,9NNxopqtafH8pTbN,3,9.437691454835168,-82.49703120196337,pa,97,2,38546D335F6233492D566F344C4C754F623171613677
9NNxopqtafH8pTbN_4.png,9NNxopqtafH8pTbN,4,0.5719319677794591,97.73098038748167,id,11,2,4B484C7438716C4C44436F415A455F55385448354851
9NNxopqtafH8pTbN_5.png,9NNxopqtafH8pTbN,5,38.40830455797947,-4.301649536891974,es,353,2,5F4D5A394A7277626541546F36344830593576534C67
9lNwy1vjD53PTSwt_1.png,9lNwy1vjD53PTSwt,1,48.423822800548805,33.720825147363634,ua,171,0,617274704A576A4F6244383649565455764E50654E41
9lNwy1vjD53PTSwt_2.png,9lNwy1vjD53PTSwt,2,35.15510890461761,24.736189821636064,gr,156,0,2D545A685836364F45626939585F6C636D4F64704777
9lNwy1vjD53PTSwt_3.png,9lNwy1vjD53PTSwt,3,39.42419416266607,2.7457767431859463,es,357,0,356B4E4E65646F3469494E3957796A73576445396F67
9lNwy1vjD53PTSwt_4.png,9lNwy1vjD53PTSwt,4,6.120822734283559,102.30992877745489,my,233,0,786467306266675A6D727A556658727055326A564B51
9lNwy1vjD53PTSwt_5.png,9lNwy1vjD53PTSwt,5,-14.285007379669622,-170.71011376863245,as,214,0,456E6D7154534F56336C644452504970764F2D443867
9oZfZYQEl9GWjZPu_1.png,9oZfZYQEl9GWjZPu,1,-17.725847037793844,-39.23544491959323,br,202.15017700195312,1.2200000286102295,6F6650314A70444E6B53435937654F614358756C6A77
9oZfZYQEl9GWjZPu_2.png,9oZfZYQEl9GWjZPu,2,34.524486760600624,134.35427851665273,jp,79,1.6699999570846558,7A2D787A444F6D6E32732D3163437451514356486551
9oZfZYQEl9GWjZPu_3.png,9oZfZYQEl9GWjZPu,3,-25.938231961450946,26.552072699521588,za,115.84245300292969,0,62594750516C56574B6B6B49686A6A4A6855616C3167
9oZfZYQEl9GWjZPu_4.png,9oZfZYQEl9GWjZPu,4,-5.152416929867609,-78.92345998594813,pe,111.5706787109375,0.36000001430511475,45455467443962764A57656F6F4B6436566748527551
9oZfZYQEl9GWjZPu_5.png,9oZfZYQEl9GWjZPu,5,15.433413615215438,78.11455943511866,in,27,0.07999999821186066,4C3448486A5F7936324C2D65456F7633764276534351
AVKTblAzBqaYrcKe_1.png,AVKTblAzBqaYrcKe,1,42.026128083722945,-73.33615976746222,us,247,0,4B7A712D5463505232686B6E35543046344D79786551
AVKTblAzBqaYrcKe_2.png,AVKTblAzBqaYrcKe,2,14.743636613586585,-16.54330950392872,sn,170,0,6167335A584C53626B3663346E72773249676A416F77
AVKTblAzBqaYrcKe_3.png,AVKTblAzBqaYrcKe,3,59.018974360784625,6.040940323907536,no,32,0,66706D73367755646A4A4B704C6E394A494648523841
AVKTblAzBqaYrcKe_4.png,AVKTblAzBqaYrcKe,4,35.69078721149959,-88.86229458255214,us,91,0,76734B703758675036744A564E6B58555F5776465777
AVKTblAzBqaYrcKe_5.png,AVKTblAzBqaYrcKe,5,-23.654236285440522,-52.00107404086504,br,268,0,3969644D66754A49455F68704C385A6543534B374577
DKGAIVKGYnLWmMy9_1.png,DKGAIVKGYnLWmMy9,1,42.75233544527754,18.81180569681392,me,86,2,4D6B347A4F724F33346C38763973495F77645A716E67
DKGAIVKGYnLWmMy9_2.png,DKGAIVKGYnLWmMy9,2,40.25410060525118,-75.83001188242159,us,66,2,456879744D5856364441704748365836537171446841
DKGAIVKGYnLWmMy9_3.png,DKGAIVKGYnLWmMy9,3,50.54517593997981,14.874058169724064,cz,109,2,55356F395167544235315367674379455F6F58784677
DKGAIVKGYnLWmMy9_4.png,DKGAIVKGYnLWmMy9,4,49.96964216995224,-125.45973306809935,ca,264,2,51765F63553035335F783436486D69786E346F6A6F41
DKGAIVKGYnLWmMy9_5.png,DKGAIVKGYnLWmMy9,5,43.712138788491174,20.481262107534118,rs,131,2,304E6169396C3677646444524731366F544237553951
EEI3fwu4iZvPT2zP_1.png,EEI3fwu4iZvPT2zP,1,-1.9337257251312097,30.101231250558918,rw,150,0,51312D31373468456F52365632304E542D6E68515477
EEI3fwu4iZvPT2zP_2.png,EEI3fwu4iZvPT2zP,2,-7.067106737437544,-76.59902551110866,pe,100,0,564E494F7144316144463973493079614C3358554C51
EEI3fwu4iZvPT2zP_3.png,EEI3fwu4iZvPT2zP,3,9.31010190824292,80.31484348215771,lk,283,0,48324C673674444E3039454739464566356B6B474477
EEI3fwu4iZvPT2zP_4.png,EEI3fwu4iZvPT2zP,4,36.93113920570176,30.68116999095144,tr,104,0,44687A6B6775716230565733423148444171374E6151
EEI3fwu4iZvPT2zP_5.png,EEI3fwu4iZvPT2zP,5,51.31530899535648,18.58279849383684,pl,193,0,324C36634A5677793035342D4850475F665072795951
G3aNW5xo5JUCnAhB_1.png,G3aNW5xo5JUCnAhB,1,36.3062944316861,139.54209589814505,jp,249,0,74784868447A6C4F4A382D324B634445484F57715451
G3aNW5xo5JUCnAhB_2.png,G3aNW5xo5JUCnAhB,2,-33.243091240315124,-58.022301444693085,uy,279,0,747478735A66676A7965524E39546E39486B71515267
G3aNW5xo5JUCnAhB_3.png,G3aNW5xo5JUCnAhB,3,-29.75876072544997,116.44560884739862,au,152,0,49385475484852746B714E37714B524F3253664E6E67
G3aNW5xo5JUCnAhB_4.png,G3aNW5xo5JUCnAhB,4,43.737432763700546,7.42291701547481,mc,96,0,5836466F47575637676E4E584246716D5441382D3541
G3aNW5xo5JUCnAhB_5.png,G3aNW5xo5JUCnAhB,5,40.180760069885785,140.58757901712536,jp,236,0,3350587A72704D42396970627569732D45454F653567
GbfNQanBbRoPIoek_1.png,GbfNQanBbRoPIoek,1,15.810249193357294,104.15248420998199,th,210,0,6771746C787161583637385639774A30426359474351
GbfNQanBbRoPIoek_2.png,GbfNQanBbRoPIoek,2,33.788830671786705,-90.857869779923,us,188,0,752D386D4832712D65685379784F6E6552615A393041
GbfNQanBbRoPIoek_3.png,GbfNQanBbRoPIoek,3,43.68643452771646,51.16478436287222,kz,154,0,3572367376413766396732536472386E6C724A384541
GbfNQanBbRoPIoek_4.png,GbfNQanBbRoPIoek,4,7.940977845765298,-80.40914627525127,pa,62,0,4176444A746B5366564243386E346B64345943535177
GbfNQanBbRoPIoek_5.png,GbfNQanBbRoPIoek,5,35.290643473827984,136.65255998393368,jp,263,0,35774C795652476332507469557931464D6752446767
HF1MKwIFNCNb4FdM_1.png,HF1MKwIFNCNb4FdM,1,53.19625184543822,17.96690596805467,pl,119,0,6D6F35365F32344F6E5346776C304A685A6876525341
HF1MKwIFNCNb4FdM_2.png,HF1MKwIFNCNb4FdM,2,22.434455956599862,114.0195209646837,hk,289,0,30744B736768522D3861344D66777553415843683441
HF1MKwIFNCNb4FdM_3.png,HF1MKwIFNCNb4FdM,3,-26.80308857450298,-65.28341503201868,ar,276,0,594C7761565738326F676B4436305867364F73683351
HF1MKwIFNCNb4FdM_4.png,HF1MKwIFNCNb4FdM,4,6.881677978640967,79.97994150870835,lk,194,0,2D364B5765505671383374694C412D782D76425A6B67
HF1MKwIFNCNb4FdM_5.png,HF1MKwIFNCNb4FdM,5,6.982859473712953,81.07224388433207,lk,154,0,6C67615F55396454705046454D5F3670453066725367
HLDekf7z49ovS9Y8_1.png,HLDekf7z49ovS9Y8,1,-17.814453727585175,-63.229096559069056,bo,137,0,514E466D3932455F3453675A69574679483748425877
HLDekf7z49ovS9Y8_2.png,HLDekf7z49ovS9Y8,2,26.86752028362035,89.37852752539395,bt,257,0,4E6A744376727472663833327934746E6F514F4D4451
HLDekf7z49ovS9Y8_3.png,HLDekf7z49ovS9Y8,3,35.531235591328304,-90.41772923176964,us,180,0,376836475137315A544F6A63637130515A7037354841
HLDekf7z49ovS9Y8_4.png,HLDekf7z49ovS9Y8,4,33.87615899563716,10.856235893436923,tn,283,0,58573835367371544D55753838333254613842363067
HLDekf7z49ovS9Y8_5.png,HLDekf7z49ovS9Y8,5,18.473501477278923,-69.98977477982604,do,79,0,36466671687473653364336C5844464670716D2D7377
HVBiwFr2gEcM1dze_1.png,HVBiwFr2gEcM1dze,1,42.89838790149464,-8.24203911596484,es,49,2,4C3256765445753334674B6A33697034362D582D6977
HVBiwFr2gEcM1dze_2.png,HVBiwFr2gEcM1dze,2,1.95248825257951,100.68581256427885,id,144,2,715F4632373471344752624C30503575764463785277
HVBiwFr2gEcM1dze_3.png,HVBiwFr2gEcM1dze,3,61.34894546670005,13.341587931346556,se,275,2,4355566143447361495F5F626F4C5370314A6B327751
HVBiwFr2gEcM1dze_4.png,HVBiwFr2gEcM1dze,4,-19.72432156926067,146.8420402373803,au,23,2,68515575425767507A57593430316947744361397867
HVBiwFr2gEcM1dze_5.png,HVBiwFr2gEcM1dze,5,19.56547850011495,74.5154423541678,in,345,2,56687178386E48424B6F664E324D6B383130562D5F41
IozkbMt8zbdH9XCv_1.png,IozkbMt8zbdH9XCv,1,50.06557813859166,23.97146693898148,ua,333,0,7268754B4974654A5F56754A6E34626B3071307A5967
IozkbMt8zbdH9XCv_2.png,IozkbMt8zbdH9XCv,2,40.194609918355276,-110.06644855930872,us,270,0,5251515243347936675A494F6363646B68366D4F7A41
IozkbMt8zbdH9XCv_3.png,IozkbMt8zbdH9XCv,3,-32.95595610497419,-68.83411313766815,ar,277,0,56684379504F7147496F774F34794E63794745684741
IozkbMt8zbdH9XCv_4.png,IozkbMt8zbdH9XCv,4,22.715890693322688,91.77768479846517,bd,357,0,637772572D59446553474F4E70347950545478435551
IozkbMt8zbdH9XCv_5.png,IozkbMt8zbdH9XCv,5,8.555831327519183,8.545529599745919,ng,291,0,485659305A626F366A736B57497439474E7849574551
JXpmlobJL7nhnp3E_1.png,JXpmlobJL7nhnp3E,1,5.143769416330417,102.94898423614191,my,129,2,556C74494F5738666368496D375A3064795662583377
JXpmlobJL7nhnp3E_2.png,JXpmlobJL7nhnp3E,2,-32.065301547791364,-68.87682510515506,ar,261,2,68526C6C4B46584A725A4A76616E4E6274795F7A4777
JXpmlobJL7nhnp3E_3.png,JXpmlobJL7nhnp3E,3,57.10021032635969,9.263004804317518,dk,109,2,766C454353494836784E48662D5A4943413543413141
JXpmlobJL7nhnp3E_4.png,JXpmlobJL7nhnp3E,4,46.82320368747581,18.860434569132046,hu,178,2,315041345141756E5A6B71344A59756753676E736841
JXpmlobJL7nhnp3E_5.png,JXpmlobJL7nhnp3E,5,56.495625806203996,25.639555667682522,lv,29,2,36533963304E477843754457674B3375516A70746877
JfPkjboMSjCsG1Qu_1.png,JfPkjboMSjCsG1Qu,1,-3.8439985464057584,119.82227757615709,id,239,2,57366C6C465761383168325235773556436B6C466A77
JfPkjboMSjCsG1Qu_2.png,JfPkjboMSjCsG1Qu,2,-11.044755820537121,-38.43315183325326,br,189,2,6A77333969773271474947716E38664F6A7157787967
JfPkjboMSjCsG1Qu_3.png,JfPkjboMSjCsG1Qu,3,51.11707182884044,0.5573564891378803,gb,266,2,6D396332422D705A6830594355576B4B7A2D694F4F77
JfPkjboMSjCsG1Qu_4.png,JfPkjboMSjCsG1Qu,4,10.975324289668624,-74.46896693387691,co,100,2,4C5044454F4A6F673764466A7657576B2D4E78613641
JfPkjboMSjCsG1Qu_5.png,JfPkjboMSjCsG1Qu,5,46.89424784199403,20.706900533124397,hu,67,2,6338386E75374F595765625256467131636452437641
JnTw9kl2nWPFaoUg_1.png,JnTw9kl2nWPFaoUg,1,24.856925881889026,56.40432516086915,om,261,0,5542387278774C42646E3256484A2D792D4A6F796877
JnTw9kl2nWPFaoUg_2.png,JnTw9kl2nWPFaoUg,2,50.746058577801946,3.16671943599638,fr,243,0,344B5030654C6B7379615054477A3863536235365941
JnTw9kl2nWPFaoUg_3.png,JnTw9kl2nWPFaoUg,3,58.251396079101276,56.26655501306347,ru,350,0,484F6272326674355572394279416A756D41307A5051
JnTw9kl2nWPFaoUg_4.png,JnTw9kl2nWPFaoUg,4,37.60589671294881,126.59285303255656,kr,53,0,767634325774466F5A614350794744456B5F446F6B77
JnTw9kl2nWPFaoUg_5.png,JnTw9kl2nWPFaoUg,5,-0.06492870535460026,37.66387506470776,ke,158,0,776D304870554C52397A595448713341566251512D51
KTKKKeKESyntpGnS_1.png,KTKKKeKESyntpGnS,1,48.43835702265174,16.055465529570927,at,134.35015869140625,0.800000011920929,5676343373325334454D72383852614666422D594641
KTKKKeKESyntpGnS_2.png,KTKKKeKESyntpGnS,2,13.542429946986145,102.10865179983423,th,217.8212432861328,0.5799999833106995,35557033526D517474456A444172414F356A32597567
KTKKKeKESyntpGnS_3.png,KTKKKeKESyntpGnS,3,-33.53983501221735,117.268245383961,au,359.6095275878906,0.9700000286102295,39395F4D4363334652775F4C68506259666A52596567
KTKKKeKESyntpGnS_4.png,KTKKKeKESyntpGnS,4,-27.03339856587773,32.24888526975766,za,257.8338317871094,0,3139775A344232666F367974576A354A53546A506A67
KTKKKeKESyntpGnS_5.png,KTKKKeKESyntpGnS,5,-31.98210793283222,-52.8921131879852,br,70.6282730102539,0.49000000953674316,62557033726F67366C77556C51587A4B397658334141
KWr0ySMIaUQRvikA_1.png,KWr0ySMIaUQRvikA,1,16.387908467531883,121.0711993479427,ph,63.550899505615234,1.1200000047683716,526C366E374A5077425A6141704B646A4B614F537777
KWr0ySMIaUQRvikA_2.png,KWr0ySMIaUQRvikA,2,21.23249274402052,-88.3771972003442,mx,143.04159545898438,1.590000033378601,79436F6F384F6C674E434D4C53614664334771304E77
KWr0ySMIaUQRvikA_3.png,KWr0ySMIaUQRvikA,3,-28.929424860631794,-65.13481613962827,ar,271.3588562011719,1.6200000047683716,6D532D4F5068417A6C456C425254426F4E366C794E67
KWr0ySMIaUQRvikA_4.png,KWr0ySMIaUQRvikA,4,49.43223984006648,-113.94807155490727,ca,359.7569580078125,1.5299999713897705,314B7573344D634175795557657277706F42634E5751
KWr0ySMIaUQRvikA_5.png,KWr0ySMIaUQRvikA,5,-1.916814485022731,-48.90073879555556,br,49.48487854003906,1,6D42436A4F577875444E4B757070765936707A4B6867
KXkXw08ZCDqL1e2q_1.png,KXkXw08ZCDqL1e2q,1,50.892001496432336,14.62311944273845,cz,29,0,64437741713674487372627073594C3955772D767A41
KXkXw08ZCDqL1e2q_2.png,KXkXw08ZCDqL1e2q,2,40.327280930487056,19.47202607161149,al,211,0,747150664B6D4661376F7A384241744F4D5562554351
KXkXw08ZCDqL1e2q_3.png,KXkXw08ZCDqL1e2q,3,50.456011861853966,10.238450770662839,de,93,0,736936584546792D64685F706C4E7261375250417441
KXkXw08ZCDqL1e2q_4.png,KXkXw08ZCDqL1e2q,4,8.111307408579265,80.5263897609136,lk,91,0,47474D316256534B724D51634C57766C767773553651
KXkXw08ZCDqL1e2q_5.png,KXkXw08ZCDqL1e2q,5,40.11578645564909,26.41580179803139,tr,192,0,5F4B5F364B6C354C634B6863794C7457524756563641
KYuWftPRQfRJ5DKL_1.png,KYuWftPRQfRJ5DKL,1,38.89382641438336,140.94151328922086,jp,166,2,7A4E6E744B53724E426E3647667634336C6968735051
KYuWftPRQfRJ5DKL_2.png,KYuWftPRQfRJ5DKL,2,25.021941220841338,121.7800555435643,tw,343,2,46426A4753696D7151357151434D4C7735756B523651
KYuWftPRQfRJ5DKL_3.png,KYuWftPRQfRJ5DKL,3,24.069240421539327,-110.55079723585786,mx,53,2,524F795035507952376F795752584E4D6A54456F7767
KYuWftPRQfRJ5DKL_4.png,KYuWftPRQfRJ5DKL,4,50.97804376017328,14.0593080593118,de,335,2,796F3830483939697033577A713647455F6647646E77
KYuWftPRQfRJ5DKL_5.png,KYuWftPRQfRJ5DKL,5,24.424972979665274,90.81217596430879,bd,359,2,4C6C6B4C7248426C6674364C7657724A573665646767
KZ2f6LqzJRyChcg8_1.png,KZ2f6LqzJRyChcg8,1,42.546186181162476,1.508177145315149,ad,86,0,75545F6F7072596A6270686176493472444C724A6841
KZ2f6LqzJRyChcg8_2.png,KZ2f6LqzJRyChcg8,2,56.38720352861267,27.413887773572732,lv,358,0,56574641393051585A46686C7257736A6D3352347251
KZ2f6LqzJRyChcg8_3.png,KZ2f6LqzJRyChcg8,3,-28.195197011453697,-48.66155728129341,br,219,0,614B3135496A56784B73634C5669577A4D35317A3151
KZ2f6LqzJRyChcg8_4.png,KZ2f6LqzJRyChcg8,4,28.380423660737765,129.4903050921625,jp,46,0,6D6A6E783231674C6D4F303971744A35554B45573067
KZ2f6LqzJRyChcg8_5.png,KZ2f6LqzJRyChcg8,5,-22.391846345567835,26.70992643022475,bw,202,0,476E41766136676D4577502D505A763377364D367151
KqjXykSvjIJYNXY8_1.png,KqjXykSvjIJYNXY8,1,0.3463568573342831,32.58786293487951,ug,222.3504180908203,11,6E2D503743493946414F457972316F362D7948385377
KqjXykSvjIJYNXY8_2.png,KqjXykSvjIJYNXY8,2,37.233530960872734,-8.439632402356624,pt,352.1951904296875,1.8899999856948853,33354950755470533948694C434751414E756E584667
KqjXykSvjIJYNXY8_3.png,KqjXykSvjIJYNXY8,3,35.14987995113213,126.5936409758091,kr,187.16807556152344,0,553143364B734B474A68646C34416833426A31683551
KqjXykSvjIJYNXY8_4.png,KqjXykSvjIJYNXY8,4,5.170900542551248,100.43784040992266,my,225.05274963378906,1.4299999475479126,51782D6A6639653251524C6A53694A58574475304941
KqjXykSvjIJYNXY8_5.png,KqjXykSvjIJYNXY8,5,-8.809250357729752,120.86344659227453,id,299.24969482421875,1.7000000476837158,78354C6E6F37776470356C3731396A797231336D3767
Lz6IDBZmUTr5oPdV_1.png,Lz6IDBZmUTr5oPdV,1,48.02561982737819,22.75520496326198,hu,217,2,4A427235384949656651437A74506859624433476C51
Lz6IDBZmUTr5oPdV_2.png,Lz6IDBZmUTr5oPdV,2,24.69529940351561,88.8682389885054,bd,206,2,72773542694576775774313378754C51786377742D41
Lz6IDBZmUTr5oPdV_3.png,Lz6IDBZmUTr5oPdV,3,51.17171627020416,4.365083064739666,be,292,2,3145693074456F354A46336B63365066334669724867
Lz6IDBZmUTr5oPdV_4.png,Lz6IDBZmUTr5oPdV,4,-32.078544867381254,117.01685517009629,au,54,2,474373736E62416552366C72616E44453230694D7641
Lz6IDBZmUTr5oPdV_5.png,Lz6IDBZmUTr5oPdV,5,40.66019531226694,-5.3498805488199235,es,248,2,63776875653679724946483735586A49687A6E705767
MjBPBTn3iUXdebSu_1.png,MjBPBTn3iUXdebSu,1,-1.330252833012743,-45.897053227609604,br,182,2,386D386F7A61684C6A74684279384E523471486E6451
MjBPBTn3iUXdebSu_2.png,MjBPBTn3iUXdebSu,2,-22.90574770900196,29.01726878425072,za,303,2,6A30716F474439355F772D78377872556C316A384241
MjBPBTn3iUXdebSu_3.png,MjBPBTn3iUXdebSu,3,38.367853205201726,-119.85919892718671,us,93,2,676C323678305565367465495A5356766A6C42743141
MjBPBTn3iUXdebSu_4.png,MjBPBTn3iUXdebSu,4,-29.55716700945203,-56.84842295958225,br,214,2,524B5473755F6C6D5F4531775A58356D5978477A4977
MjBPBTn3iUXdebSu_5.png,MjBPBTn3iUXdebSu,5,38.45583104601154,29.156304820446405,tr,59,2,614A7346315172384135655662665266324454396967
N2IFsQAIIcXPuNKn_1.png,N2IFsQAIIcXPuNKn,1,43.66662144077858,16.2718656318508,hr,359,2,64413532577333513955524E555F643167552D394467
N2IFsQAIIcXPuNKn_2.png,N2IFsQAIIcXPuNKn,2,43.105496806439504,18.81665095409046,me,145,2,6133654B7952503057586C7A6D664D54645679773751
N2IFsQAIIcXPuNKn_3.png,N2IFsQAIIcXPuNKn,3,-40.80389514885602,-62.97499936625956,ar,302,2,716E716F7378647655445A4536526D48543158666241
N2IFsQAIIcXPuNKn_4.png,N2IFsQAIIcXPuNKn,4,-22.885144984206136,27.936910996302398,bw,56,2,654C6B6B76784456726263544637417464546C614D77
N2IFsQAIIcXPuNKn_5.png,N2IFsQAIIcXPuNKn,5,-33.24736768916153,19.643517210505085,za,54,2,724F547A784F487847564B6F72484E33314B33616A51
N4EN1CWspaIlcCYq_1.png,N4EN1CWspaIlcCYq,1,38.35565224112702,32.27419373127127,tr,202.8505859375,1.2799999713897705,69366B5032766F4246734C624A746E314B42324F5177
N4EN1CWspaIlcCYq_2.png,N4EN1CWspaIlcCYq,2,50.53635664975716,-4.186560884671317,gb,357.30133056640625,1.2200000286102295,6648766D556B4A647673446745526441594F6B686C77
N4EN1CWspaIlcCYq_3.png,N4EN1CWspaIlcCYq,3,56.66723262650814,86.39338967429093,ru,332.2213134765625,1.659999966621399,6C516771746F664B42326B3566693368477448534551
N4EN1CWspaIlcCYq_4.png,N4EN1CWspaIlcCYq,4,-17.477718895528252,-70.54456529647513,pe,254.26873779296875,0.44999998807907104,4261347A59563066736749653146685554635A4E4A51
N4EN1CWspaIlcCYq_5.png,N4EN1CWspaIlcCYq,5,52.79543633605337,44.93769336706832,ru,235.0391082763672,0.15000000596046448,4C6B346C69354F3362755172534A5066635072585667
No9HbFZyTOwfaU8s_1.png,No9HbFZyTOwfaU8s,1,33.5679158846785,-113.34864669669818,us,93,2,384F72717634384F4A2D76333353526D534D53493241
No9HbFZyTOwfaU8s_2.png,No9HbFZyTOwfaU8s,2,39.60430958138547,140.931009655271,jp,32,2,7144564D5A78634742707251386F394B6C4A535F4267
No9HbFZyTOwfaU8s_3.png,No9HbFZyTOwfaU8s,3,38.273099015194056,16.302276953616218,it,304,2,5747695F445A3338425056594856522D704858506351
No9HbFZyTOwfaU8s_4.png,No9HbFZyTOwfaU8s,4,43.530306704780386,27.37850713002632,bg,40,2,4A413644764A71755332694152704577394C68547067
No9HbFZyTOwfaU8s_5.png,No9HbFZyTOwfaU8s,5,36.03721159111856,14.198333210215983,mt,306,2,6A434B4D526C55686A34427A436B6178727565687041
NqhvwHTYOTtGmZgm_1.png,NqhvwHTYOTtGmZgm,1,65.52650306815909,-37.16104432873538,gl,112,2,704772474B31695149774866796A5F59385372413677
NqhvwHTYOTtGmZgm_2.png,NqhvwHTYOTtGmZgm,2,43.48664508141709,-114.36461253515412,us,30,2,6E47524E425F654230376F6C704D6C762D42464F3367
NqhvwHTYOTtGmZgm_3.png,NqhvwHTYOTtGmZgm,3,47.1928192648946,7.381694679397874,ch,280,2,5330516B376C71364B446D66367355536551456D3941
NqhvwHTYOTtGmZgm_4.png,NqhvwHTYOTtGmZgm,4,47.53071371333576,-70.21507908026966,ca,226,2,6244396D5456664B7650364A366461756276435A4A77
NqhvwHTYOTtGmZgm_5.png,NqhvwHTYOTtGmZgm,5,25.21387327970734,50.98163942942462,qa,333,2,62317A665148344E544B4E6F3369416F37424B565677
QTmrnxW99iiyS2xS_1.png,QTmrnxW99iiyS2xS,1,53.227434719962424,6.651736302240244,nl,155,2,4837336E736865385A654D387A684C785F6A46613077
QTmrnxW99iiyS2xS_2.png,QTmrnxW99iiyS2xS,2,23.47379546104094,120.2881167884671,tw,343,2,394C2D4E505F316D4348444C6C347747637241437267
QTmrnxW99iiyS2xS_3.png,QTmrnxW99iiyS2xS,3,39.95733521699758,21.534140972001367,gr,337,2,334773783348384B42462D554A76514B323259697067
QTmrnxW99iiyS2xS_4.png,QTmrnxW99iiyS2xS,4,53.76685369318757,-2.427334936865186,gb,33,2,4579374E6D7A6A7354506D5473324C52677566435667
QTmrnxW99iiyS2xS_5.png,QTmrnxW99iiyS2xS,5,60.66393119643494,12.960128583560962,se,110,2,4C6B477566455457754F766271696D61556D68696B51
QhbT3Koc9Mxo6EdL_1.png,QhbT3Koc9Mxo6EdL,1,52.262913013833455,53.40995045017234,ru,315,2,716C4A706D45567779786F67436E2D42515870747467
QhbT3Koc9Mxo6EdL_2.png,QhbT3Koc9Mxo6EdL,2,43.66781942413724,-65.71910541985768,ca,298,2,2D6C3679465451303851695149427247694E6F676B77
QhbT3Koc9Mxo6EdL_3.png,QhbT3Koc9Mxo6EdL,3,50.996784511833646,127.81003979393603,ru,3,2,4E576C7043315072643236556B5F4732746964705067
QhbT3Koc9Mxo6EdL_4.png,QhbT3Koc9Mxo6EdL,4,64.75817607979363,-22.255347843196777,is,141,2,3645637458417648584F456C746A705A7146685F3951
QhbT3Koc9Mxo6EdL_5.png,QhbT3Koc9Mxo6EdL,5,-8.616027627324598,116.24771758343077,id,281,2,32364350426D615362684366384F4765543145484551
STQGgl6Uh9muExNb_1.png,STQGgl6Uh9muExNb,1,34.52940597915494,133.49809914964123,jp,95,0,5971676A4945643046593145396C514C4B6362353567
STQGgl6Uh9muExNb_2.png,STQGgl6Uh9muExNb,2,4.596370486526408,-74.19410098957998,co,164,0,4B323871537A705833544B7061396277616979636951
STQGgl6Uh9muExNb_3.png,STQGgl6Uh9muExNb,3,48.01157975251619,37.72939175454929,ua,323,0,61584E566641314D532D5F6554675846437A7A4C4A67
STQGgl6Uh9muExNb_4.png,STQGgl6Uh9muExNb,4,-21.33598924273417,55.48866515129321,fr,130,0,4E6A344C707242464E414D6459734144376E412D2D77
STQGgl6Uh9muExNb_5.png,STQGgl6Uh9muExNb,5,51.04863330897644,-114.0319473497091,ca,14,0,313442522D4C44714F764B687845627439624E4F5641
SkFHwlV4Z2q9fUje_1.png,SkFHwlV4Z2q9fUje,1,19.30070883299982,-99.74958304344865,mx,326,2,775F44354E62567531534331375F666F434C55364651
SkFHwlV4Z2q9fUje_2.png,SkFHwlV4Z2q9fUje,2,58.93008161162707,24.540401881154438,ee,288,2,5F36416A656C3955794A46724F7467616B6A41446367
SkFHwlV4Z2q9fUje_3.png,SkFHwlV4Z2q9fUje,3,42.3852390723385,19.090390896176206,me,121,2,3735546C79706A57646D5F4955525773755652364B67
SkFHwlV4Z2q9fUje_4.png,SkFHwlV4Z2q9fUje,4,-27.12656054646459,133.50445262832034,au,303,2,667569506C584C4F687A647641496C4969326A544151
SkFHwlV4Z2q9fUje_5.png,SkFHwlV4Z2q9fUje,5,23.90389050597825,82.50654199480809,in,257,2,6A44323032627A47756851474A7339526E7777464B77
SwSJB5DW8YXOSLn2_1.png,SwSJB5DW8YXOSLn2,1,40.72873104723717,8.922737368418659,it,129.076171875,1.8899999856948853,6D4A5A704134517A5F567733335172304D624D436767
SwSJB5DW8YXOSLn2_2.png,SwSJB5DW8YXOSLn2,2,-30.59046008129786,148.22660763455843,au,351.5144958496094,1.0199999809265137,2D48774D6D44324A736142485647396253684B673251
SwSJB5DW8YXOSLn2_3.png,SwSJB5DW8YXOSLn2,3,55.145980235070894,61.31504039012604,ru,94.08815002441406,0.4300000071525574,6A7533634563726843344D4C5739683644542D525767
SwSJB5DW8YXOSLn2_4.png,SwSJB5DW8YXOSLn2,4,40.92908066983896,-76.52137429680128,us,350.085205078125,0.09000000357627869,464E673133594E434F7064696A422D4D5A2D4E445777
SwSJB5DW8YXOSLn2_5.png,SwSJB5DW8YXOSLn2,5,41.476481242073596,-105.21041904632061,us,333.86859130859375,1.8300000429153442,4169723570506E4A4E4B5248427874597771327A6451
UYeUpGpQlvb7ExfK_1.png,UYeUpGpQlvb7ExfK,1,6.516497985664715,124.82061661494576,ph,47.223628997802734,0.27000001072883606,6641752D72586830656E346C6557506C6951526D4951
UYeUpGpQlvb7ExfK_2.png,UYeUpGpQlvb7ExfK,2,-17.29606998890269,-42.636454288299454,br,68.597900390625,0.6700000166893005,4D59776C3372505F656F624C5952582D526661726A51
UYeUpGpQlvb7ExfK_3.png,UYeUpGpQlvb7ExfK,3,58.276993810685205,47.45137520717882,ru,284.81396484375,0.3400000035762787,656E415A336F62445F6549384967485F786130543651
UYeUpGpQlvb7ExfK_4.png,UYeUpGpQlvb7ExfK,4,33.770926167363115,35.83955086406992,lb,343,1.5399999618530273,51364C6A4239724D6275495A4A794330367941725567
UYeUpGpQlvb7ExfK_5.png,UYeUpGpQlvb7ExfK,5,43.14434810211132,142.8486237829473,jp,335,1.690000057220459,2D70666E4F695970645F3362386E4832485535385441
VGLhN3OEa5t3YAFj_1.png,VGLhN3OEa5t3YAFj,1,-20.27598482944667,-70.08102328417091,cl,2,0,5732526576657747785A344E6956645054437A465977
VGLhN3OEa5t3YAFj_2.png,VGLhN3OEa5t3YAFj,2,38.32181357288196,-123.0297687877161,us,329,0,4465393963626336696D4341594A476F4E5A6A4B7367
VGLhN3OEa5t3YAFj_3.png,VGLhN3OEa5t3YAFj,3,37.91890604598,-7.475602609692047,pt,56,0,57754F2D6B736752726F3847786C6C6D536971524451
VGLhN3OEa5t3YAFj_4.png,VGLhN3OEa5t3YAFj,4,14.544019442275905,-90.43195010168985,gt,241,0,6148446C4F765A7544444B525968664F617A68673641
VGLhN3OEa5t3YAFj_5.png,VGLhN3OEa5t3YAFj,5,16.04240808164286,102.74167057322113,th,93,0,733952365F734C6A457A655A742D4D67686231467977
VpFDohrcFkP6vSIB_1.png,VpFDohrcFkP6vSIB,1,55.59868998237823,23.203776055561622,lt,358,0,50554E764C4F62486A4E6A4D5A2D306A33524A355877
VpFDohrcFkP6vSIB_2.png,VpFDohrcFkP6vSIB,2,45.789954151549516,12.387767928717444,it,37,0,6F583348554655486B3077316236544E324747367577
VpFDohrcFkP6vSIB_3.png,VpFDohrcFkP6vSIB,3,52.10176514735443,7.613537468267453,de,63,0,4C534D4F634666515F546D6E43634D797A4A41615567
VpFDohrcFkP6vSIB_4.png,VpFDohrcFkP6vSIB,4,-24.544479579995418,25.976882764723214,bw,206,0,34374E4634465156703634354F756448584168556551
VpFDohrcFkP6vSIB_5.png,VpFDohrcFkP6vSIB,5,43.84942343220907,142.76695789144088,jp,10,0,4533567837554164353342636268684D33514D6A7367
X7L1cT0kKi0gYjlg_1.png,X7L1cT0kKi0gYjlg,1,37.81229345895808,140.35033165919415,jp,121,1.8899999856948853,355A736D2D32594A6A6B364B6F34477A615256777651
X7L1cT0kKi0gYjlg_2.png,X7L1cT0kKi0gYjlg,2,-29.30428426108832,17.045635271997792,za,287.798828125,0,63425F676E66584F365A6E4178433432346753395867
X7L1cT0kKi0gYjlg_3.png,X7L1cT0kKi0gYjlg,3,18.794101896097978,98.15252865212145,th,98.64874267578125,1.0700000524520874,5F4C65353944713677783156615A50634A365A332D67
X7L1cT0kKi0gYjlg_4.png,X7L1cT0kKi0gYjlg,4,-35.74113558374135,147.17202051464056,au,234.34194946289062,0.5400000214576721,434B303832716B4B3663424838393253695067344F51
X7L1cT0kKi0gYjlg_5.png,X7L1cT0kKi0gYjlg,5,-32.577371392513925,23.18032994699748,za,91.93669891357422,0,564F55336B4C446543715F6C2D5845674D5648475377
XFWA7xovGlFChF2o_1.png,XFWA7xovGlFChF2o,1,47.9877711252113,37.64286693385123,ua,165,2,38474D7559616D574D386F546558722D5F5077365A67
XFWA7xovGlFChF2o_2.png,XFWA7xovGlFChF2o,2,33.813244619595686,135.86615056055024,jp,337,2,4C564F7A716A4551556C6F7A55665251757263307251
XFWA7xovGlFChF2o_3.png,XFWA7xovGlFChF2o,3,34.975930226131574,126.14533841492026,kr,235,2,5F5539592D616477615A435F6378746770324E364841
XFWA7xovGlFChF2o_4.png,XFWA7xovGlFChF2o,4,52.37995777102914,5.450287184158644,nl,146,2,78423678385138455649537271566672516D6B383177
XFWA7xovGlFChF2o_5.png,XFWA7xovGlFChF2o,5,24.86069108903571,56.06670307483535,ae,59,2,723066566E676756702D774439756F51414B59557967
XdOtqbtqAbSvRHij_1.png,XdOtqbtqAbSvRHij,1,42.44004407716119,19.25876518762862,me,291,0,34357978584F683476696A61397A67694E4837476F67
XdOtqbtqAbSvRHij_2.png,XdOtqbtqAbSvRHij,2,-45.46310531464035,-72.8134758874092,cl,64,0,614152564D4C32304E564B686F34616C307333595777
XdOtqbtqAbSvRHij_3.png,XdOtqbtqAbSvRHij,3,39.60019404372913,-8.300887949107395,pt,259,0,4D324B755845354B7962516533314134396330756467
XdOtqbtqAbSvRHij_4.png,XdOtqbtqAbSvRHij,4,-29.35297878511647,28.502921815777135,ls,147,0,665A7561614D37646771634A4D392D43374867636741
XdOtqbtqAbSvRHij_5.png,XdOtqbtqAbSvRHij,5,13.176379881740521,103.17704733199596,kh,348,0,6E447266565031327A715A61537A596D376A77677851
Xf8Xjx82sajsyJdw_1.png,Xf8Xjx82sajsyJdw,1,14.763118883702324,-16.73177688636114,sn,186,0,4F706D51454C6E75434B41666533664972684C5F7777
Xf8Xjx82sajsyJdw_2.png,Xf8Xjx82sajsyJdw,2,-8.402251899744083,-74.57702270938412,pe,254,0,4530506E765A7562627741504F356E503670316B7541
Xf8Xjx82sajsyJdw_3.png,Xf8Xjx82sajsyJdw,3,23.53482251867519,120.43912279422788,tw,180,0,48446E5370542D396265435831504A59673446706F41
Xf8Xjx82sajsyJdw_4.png,Xf8Xjx82sajsyJdw,4,12.929713709813171,123.83073496281197,ph,32,0,55574A4C773547733132434C49735374684442707951
Xf8Xjx82sajsyJdw_5.png,Xf8Xjx82sajsyJdw,5,12.174416519709252,-68.9366072381385,cw,136,0,597373674351625454316D544B715570423856374F77
XwCZ4C6astQYennV_1.png,XwCZ4C6astQYennV,1,-22.758349019021164,-41.954667484714726,br,62,2,62344463486F52316E6266794445685763624C454177
XwCZ4C6astQYennV_2.png,XwCZ4C6astQYennV,2,40.860528890789396,25.795333584212962,gr,335,2,51584A396E7857645232664B795362504C7A32674441
XwCZ4C6astQYennV_3.png,XwCZ4C6astQYennV,3,-38.82392006942306,-61.72224844257995,ar,349,2,78747A3576735933417963586A796758794C422D5641
XwCZ4C6astQYennV_4.png,XwCZ4C6astQYennV,4,-0.2201122803530784,-60.69236356006744,br,178,2,74485747676B2D5F556C78374B496B556C6A63654B41
XwCZ4C6astQYennV_5.png,XwCZ4C6astQYennV,5,-34.29624374831799,-54.79475525934084,uy,17,2,2D4D48712D356D4A69326843416952686F38656C5851
Y2QhKx7sks9MExvw_1.png,Y2QhKx7sks9MExvw,1,43.855667948931774,11.084005967810949,it,125,0,356B4572387841674744693345745A6B5A6D734A6D41
Y2QhKx7sks9MExvw_2.png,Y2QhKx7sks9MExvw,2,22.574018759333565,59.51942044486195,om,216,0,3755636C756A54664A73555538416D30534A4C384F51
Y2QhKx7sks9MExvw_3.png,Y2QhKx7sks9MExvw,3,9.717827363869265,79.94052791137521,lk,301,0,794838436D6C6C4D39756F364953484A4F39662D5877
Y2QhKx7sks9MExvw_4.png,Y2QhKx7sks9MExvw,4,9.122682770157683,-79.52313203069784,pa,173,0,587841314E56335766776938614E392D45364E437177
Y2QhKx7sks9MExvw_5.png,Y2QhKx7sks9MExvw,5,17.932713277185893,120.60748760278729,ph,5,0,68335F45566B52326539444E6A375559646369576C77
YlXQJ8JIXvcRXwF5_1.png,YlXQJ8JIXvcRXwF5,1,50.037398298836,28.63979293754819,ua,189,2,427353767264336B4C65556571582D48773530516D77
YlXQJ8JIXvcRXwF5_2.png,YlXQJ8JIXvcRXwF5,2,24.909807360354932,55.528991387707,ae,331,2,46776F4B5975464C50796967456E4A416A6C546D3041
YlXQJ8JIXvcRXwF5_3.png,YlXQJ8JIXvcRXwF5,3,-23.69786792517169,30.13952672340573,za,227,2,456431585473694666544A736475696F326243445477
YlXQJ8JIXvcRXwF5_4.png,YlXQJ8JIXvcRXwF5,4,-17.88877285488951,-47.35688567083284,br,222,2,545865793877375F36766849717370477A4963757377
YlXQJ8JIXvcRXwF5_5.png,YlXQJ8JIXvcRXwF5,5,10.05739314141403,124.45198947668372,ph,91,2,685A794334714B624E504F3832366D6B377A33344567
ZMSyLdPt9G7MhcHC_1.png,ZMSyLdPt9G7MhcHC,1,-53.1277260741276,-70.91890681572235,cl,317,0,4F716A343849734E6F6E4E7A71575461314E31323151
ZMSyLdPt9G7MhcHC_2.png,ZMSyLdPt9G7MhcHC,2,36.44581422314097,-79.74128451524665,us,301,0,6F705856647535497A71384271423071567A52453367
ZMSyLdPt9G7MhcHC_3.png,ZMSyLdPt9G7MhcHC,3,52.23220590288877,7.939629712244713,de,270,0,654E6562596E62502D684F6654584957473979673267
ZMSyLdPt9G7MhcHC_4.png,ZMSyLdPt9G7MhcHC,4,4.076683384774484,-73.66834185815742,co,355,0,755F7255625648714463544A6E61554C4C35486C7477
ZMSyLdPt9G7MhcHC_5.png,ZMSyLdPt9G7MhcHC,5,53.93569663082265,-0.5647027439881879,gb,265,0,387157396A647A33422D633230446C41753179493977
ZxTL8aae9sCgxLlS_1.png,ZxTL8aae9sCgxLlS,1,17.45727816623893,100.37486583281171,th,108,2,7A4B376533343868727248592D576A77355661436D67
ZxTL8aae9sCgxLlS_2.png,ZxTL8aae9sCgxLlS,2,48.43047472712815,-2.5391473642434867,fr,15,2,34384A79564D584D366A6D466E4668324A6A38746341
ZxTL8aae9sCgxLlS_3.png,ZxTL8aae9sCgxLlS,3,36.451441845652155,33.352845807228015,tr,85,2,6A723432667039697737702D7454725F335933493577
ZxTL8aae9sCgxLlS_4.png,ZxTL8aae9sCgxLlS,4,43.58087785418964,104.10836542667022,mn,238,2,663176634C7A7A506E664B487038586D526A52596977
ZxTL8aae9sCgxLlS_5.png,ZxTL8aae9sCgxLlS,5,-4.164586115379265,-41.58648588949701,br,308,2,7A68456E33734661726F5F367834362D2D4330343741
aKDWzyoV4cSA6Da2_1.png,aKDWzyoV4cSA6Da2,1,14.76430746291247,121.18071441352912,ph,176,0,334162536C776F324C4D6F3154753274494B344E3741
aKDWzyoV4cSA6Da2_2.png,aKDWzyoV4cSA6Da2,2,24.840442258621234,56.08580608907548,ae,338,0,7A41736E4B363631556559634A754979794E4D335F51
aKDWzyoV4cSA6Da2_3.png,aKDWzyoV4cSA6Da2,3,-38.03282624025948,145.34101802555867,au,99,0,522D53634951724658566E6A4961324A726268584667
aKDWzyoV4cSA6Da2_4.png,aKDWzyoV4cSA6Da2,4,-6.784191478722014,107.9239816235205,id,197,0,5372344D5748446D5558437534596869512D71686877
aKDWzyoV4cSA6Da2_5.png,aKDWzyoV4cSA6Da2,5,49.9756959095572,4.183747807047041,be,98,0,745F2D48494E63417778393877517548454A5F394877
amHvOfYODNHwXiJg_1.png,amHvOfYODNHwXiJg,1,63.29754069398782,10.483221628972078,no,93,0,494D6963437876753663784E79743078686135304767
amHvOfYODNHwXiJg_2.png,amHvOfYODNHwXiJg,2,65.62704596778103,22.207682433383823,se,48,0,4F4569354B396758696F5054753055395A314E796C67
amHvOfYODNHwXiJg_3.png,amHvOfYODNHwXiJg,3,-41.02511828746417,175.52833293363028,nz,309,0,5746786B744C2D49703257784C676959504478683277
amHvOfYODNHwXiJg_4.png,amHvOfYODNHwXiJg,4,36.76772826055613,10.114181031987195,tn,342,0,4A35533765417572617277774858584D39576B423951
amHvOfYODNHwXiJg_5.png,amHvOfYODNHwXiJg,5,-25.877429493201937,29.237066661789637,za,22,0,6A4E697A2D423553617A396B434C6638427838324E41
bwyAndeFczBo5Gzj_1.png,bwyAndeFczBo5Gzj,1,32.1655326738339,-87.895271312443,us,181,2,456B6771666A735168386D59614A706B666279664341
bwyAndeFczBo5Gzj_2.png,bwyAndeFczBo5Gzj,2,0.33018412397746094,32.63717917508366,ug,144,2,512D4872726F314F65483851634571773944456E3367
bwyAndeFczBo5Gzj_3.png,bwyAndeFczBo5Gzj,3,41.496952239414924,1.2010496163735491,es,106,2,41726A693837326D7A3970445F4A555F614B76795051
bwyAndeFczBo5Gzj_4.png,bwyAndeFczBo5Gzj,4,18.623337795608254,-90.3943420114491,mx,92,2,73454A7056427A6B5A794961634B30486B7267373067
bwyAndeFczBo5Gzj_5.png,bwyAndeFczBo5Gzj,5,60.31241869128027,25.322486617449016,fi,193,2,576C674B594F7538613550344C694B31443959426267
cObaVm83g5wtLkhH_1.png,cObaVm83g5wtLkhH,1,15.840369483664034,-96.71444247042619,mx,7,2,6167333434564671586D4B7161315875555274357141
cObaVm83g5wtLkhH_2.png,cObaVm83g5wtLkhH,2,49.891553831150524,4.541643778134859,fr,335,2,545F516D61447137624E4262547376666F6E6D463267
cObaVm83g5wtLkhH_3.png,cObaVm83g5wtLkhH,3,-15.837492607743602,-54.871306427144695,br,80,2,534C746B436979324270504E6F7978556D5639784F51
cObaVm83g5wtLkhH_4.png,cObaVm83g5wtLkhH,4,-20.27363874873984,23.858860974766703,bw,145,2,7A544B526D774C6E63587432746B63447A517A424851
cObaVm83g5wtLkhH_5.png,cObaVm83g5wtLkhH,5,34.23468200683729,-111.35649639487102,us,312,2,366F446E35664B34676F6161376C726B6D6365305451
cV9n1YpMOmaTJpG7_1.png,cV9n1YpMOmaTJpG7,1,-27.326764926811098,31.4606598851759,za,279,2,586A365A517A6D546A7643694A6E6D5274336E6F6D77
cV9n1YpMOmaTJpG7_2.png,cV9n1YpMOmaTJpG7,2,-36.979831250863356,143.5663504673711,au,103,2,3869696D347A4A507A464661706E4E4B6A7663457841
cV9n1YpMOmaTJpG7_3.png,cV9n1YpMOmaTJpG7,3,-34.37685978508879,-55.080596849140356,uy,131,2,617632316E585462693852562D494C526F4E796F5867
cV9n1YpMOmaTJpG7_4.png,cV9n1YpMOmaTJpG7,4,39.77580311035652,33.99327117562851,tr,4,2,6B352D2D73532D4A39775835642D4F65534C43774751
cV9n1YpMOmaTJpG7_5.png,cV9n1YpMOmaTJpG7,5,-42.937575148207706,146.96286267404722,au,175,2,537539634A4C524F487971714A5F3342717731364551
d8lnc9Ex03KQUJEL_1.png,d8lnc9Ex03KQUJEL,1,7.54910475975657,-80.59737501744807,pa,268.10052490234375,10,6E55747465365232796437454B63305F586A6A625A77
d8lnc9Ex03KQUJEL_2.png,d8lnc9Ex03KQUJEL,2,51.459793204950174,-112.61542287114266,ca,90.353759765625,1.690000057220459,655570564A426864686E4E5666334A7645325A415477
d8lnc9Ex03KQUJEL_3.png,d8lnc9Ex03KQUJEL,3,35.094362853617874,138.15571071002273,jp,260,1.6399999856948853,396E6A415854416E33493539573271364B7054614151
d8lnc9Ex03KQUJEL_4.png,d8lnc9Ex03KQUJEL,4,36.865855721004735,-80.14777742553119,us,51,1.9900000095367432,4A4D5241676E747937515F416D71465A735355775967
d8lnc9Ex03KQUJEL_5.png,d8lnc9Ex03KQUJEL,5,24.482880249089096,89.8629428951603,bd,147,1.3600000143051147,6C58726A785F61725237646176324B4A6F6859385767
e1zn5HV7y0bMjzQL_1.png,e1zn5HV7y0bMjzQL,1,17.092764260060026,54.07816015058629,om,193,2,6B467A734436484E55486C42724F52774E4A33556B77
e1zn5HV7y0bMjzQL_2.png,e1zn5HV7y0bMjzQL,2,41.31113412787463,-7.180475318457868,pt,193,2,6B526270656D3678615075386B4A3645786830413977
e1zn5HV7y0bMjzQL_3.png,e1zn5HV7y0bMjzQL,3,50.736907406232795,5.949656553098041,be,28,2,54636357714545344E4B3551612D4C54627164327377
e1zn5HV7y0bMjzQL_4.png,e1zn5HV7y0bMjzQL,4,51.80577573525246,4.259311689112676,nl,59,2,6C52363670717170346270596362534863694D683651
e1zn5HV7y0bMjzQL_5.png,e1zn5HV7y0bMjzQL,5,26.952021262042795,90.05525560294997,bt,335,2,465874712D424F68613750757439634767554F765051
e3PS9nBwbU94sIyP_1.png,e3PS9nBwbU94sIyP,1,33.44061232939775,135.75881180121715,jp,25,0,476E6875496572574C312D6D615F684E446B4F4B4451
e3PS9nBwbU94sIyP_2.png,e3PS9nBwbU94sIyP,2,40.16687901004811,19.624214962923634,al,218,0,557A78493651524C36377A73425050786C6D51593251
e3PS9nBwbU94sIyP_3.png,e3PS9nBwbU94sIyP,3,-43.11564298375622,-73.63046555741971,cl,99,0,64592D68564B5654724347646C75486E585A6C725367
e3PS9nBwbU94sIyP_4.png,e3PS9nBwbU94sIyP,4,15.991242652495126,103.35722237357935,th,275,0,634C626D3767612D5F64705754386C5435324E5A3067
e3PS9nBwbU94sIyP_5.png,e3PS9nBwbU94sIyP,5,-25.463436507962008,28.029322687720597,za,319,0,71676769754858376A5F797856474F786944655A6877
f49AGnnCYZbZVLbW_1.png,f49AGnnCYZbZVLbW,1,-21.27741826580932,-45.11794785918148,br,273.18084716796875,0.10999999940395355,4E4478644B75366449713735482D4E6A316F6B323967
f49AGnnCYZbZVLbW_2.png,f49AGnnCYZbZVLbW,2,-38.364001180146595,142.6467730793884,au,280.015625,1.0199999809265137,65516A73544353646D5664646E73573131516E7A5767
f49AGnnCYZbZVLbW_3.png,f49AGnnCYZbZVLbW,3,51.713072284365126,14.094154816956067,de,260.4432678222656,1.2000000476837158,6C474F35414F7576363141706847676B4355397A6977
f49AGnnCYZbZVLbW_4.png,f49AGnnCYZbZVLbW,4,22.943485823347523,82.30839764834252,in,59,1.4800000190734863,36433537323339686D53515032634F30376879495251
f49AGnnCYZbZVLbW_5.png,f49AGnnCYZbZVLbW,5,15.400134432619488,104.8957496368717,th,99.19450378417969,0.41999998688697815,453073395334507878654F676F58322D5A4C534F5177
f7TDBGoaR3hv0dVw_1.png,f7TDBGoaR3hv0dVw,1,48.903243463884465,72.47899649008558,kz,55.92319107055664,7,7743773044724A6171466E56465F4A79353478566F41
f7TDBGoaR3hv0dVw_2.png,f7TDBGoaR3hv0dVw,2,21.065607174079208,-101.5498789291668,mx,358.9190368652344,1.5,6D746A3665334874504A64596E4F6537467445596A41
f7TDBGoaR3hv0dVw_3.png,f7TDBGoaR3hv0dVw,3,48.19679018773019,-78.15964903115409,ca,107.86553955078125,1.1399999856948853,386334695566744130494F4A79566151326A7A5A7A77
f7TDBGoaR3hv0dVw_4.png,f7TDBGoaR3hv0dVw,4,43.30748684012817,-91.45966401743728,us,28.045259475708008,1.6399999856948853,304C574F565F4C716F77757246587668765A42336151
f7TDBGoaR3hv0dVw_5.png,f7TDBGoaR3hv0dVw,5,-21.451756376768543,-46.238288980587384,br,84.31800079345703,1.4900000095367432,4263395A44523431355450686637515864464F777851
iF7CiuoojlFChTQ9_1.png,iF7CiuoojlFChTQ9,1,12.28054086493392,122.63087221665324,ph,13,2,6348476835626F424A6B466437534D50773951786D67
iF7CiuoojlFChTQ9_2.png,iF7CiuoojlFChTQ9,2,46.68761617769546,7.64558846380816,ch,63,2,7A5A592D7752414950364B6E44796F78514F6C595251
iF7CiuoojlFChTQ9_3.png,iF7CiuoojlFChTQ9,3,37.40747355941111,127.13886264751896,kr,280,2,624D573866474F47446A385F374A5A477A5365486D41
iF7CiuoojlFChTQ9_4.png,iF7CiuoojlFChTQ9,4,27.266351093618738,90.59783402121083,bt,157,2,46752D3278434D565552754C7766466D4A344B346141
iF7CiuoojlFChTQ9_5.png,iF7CiuoojlFChTQ9,5,36.975363115813586,-122.04158400587657,us,211,2,66526F576D5134696250417A53657978315A48315377
k4PVd80ZGfSSesQF_1.png,k4PVd80ZGfSSesQF,1,-4.198480479539407,39.54824701268127,ke,304.6689147949219,10,4B4949536B302D7A625A53536C5458766E7855684767
k4PVd80ZGfSSesQF_2.png,k4PVd80ZGfSSesQF,2,43.3500037290414,141.76998645247363,jp,256,1.5800000429153442,475272444751366D514D456159756742486930654C51
k4PVd80ZGfSSesQF_3.png,k4PVd80ZGfSSesQF,3,0.5339285,37.027661,ke,353.4991149902344,10,61714E483174314B524359764F5743485647336E6767
k4PVd80ZGfSSesQF_4.png,k4PVd80ZGfSSesQF,4,37.21168221123987,40.69433875336078,tr,196,0,4948586547454D69554F6E526773695A364448686767
k4PVd80ZGfSSesQF_5.png,k4PVd80ZGfSSesQF,5,-0.33172000355845627,100.58537944810233,id,328.12054443359375,1.9500000476837158,643156324E766F724333552D794E444F533759315941
kMEhvQ4rbv1USOGs_1.png,kMEhvQ4rbv1USOGs,1,-1.989543736669381,115.08329935660828,id,125.74063110351562,1.850000023841858,515A4A58786E753376694C314B322D73743766386951
kMEhvQ4rbv1USOGs_2.png,kMEhvQ4rbv1USOGs,2,30.64497409722609,-84.74202185423881,us,274.7648620605469,1.0499999523162842,34684B443455394D716B4D6F575F705F713142746641
kMEhvQ4rbv1USOGs_3.png,kMEhvQ4rbv1USOGs,3,47.75268124415338,5.41823027776693,fr,167.79840087890625,1.7999999523162842,4D794141374838764A414F73325F345F346A304A3877
kMEhvQ4rbv1USOGs_4.png,kMEhvQ4rbv1USOGs,4,-32.94358918984455,-58.577313113837505,ar,200.56297302246094,0.7300000190734863,355464304479656A3156436C724F692D575750666367
kMEhvQ4rbv1USOGs_5.png,kMEhvQ4rbv1USOGs,5,-19.865029932397523,-43.669148308549794,br,86.14752197265625,1.0700000524520874,55616759665A3871655162624B74465035567A396A51
kkJz0TJOX5PkNDIu_1.png,kkJz0TJOX5PkNDIu,1,41.63574515467496,-108.41058020046229,us,93,2,716574376E5F746B627358704F544A32775047517967
kkJz0TJOX5PkNDIu_2.png,kkJz0TJOX5PkNDIu,2,52.81158381523618,37.23117520868692,ru,293,2,6D6C6B6D654A4B755A463876657A375263622D306751
kkJz0TJOX5PkNDIu_3.png,kkJz0TJOX5PkNDIu,3,-43.79917079519151,172.9673915282891,nz,154,2,6831434943666F6548482D4C4D3174574D6964456951
kkJz0TJOX5PkNDIu_4.png,kkJz0TJOX5PkNDIu,4,-1.4989762221538914,-78.0143015939872,ec,185,2,7379742D4F7634344F4354494179367076594D637067
kkJz0TJOX5PkNDIu_5.png,kkJz0TJOX5PkNDIu,5,-27.407277923415332,152.94078627416678,au,341,2,456B38555A706E414855515649594F4A725930356151
kkQArBREMnrdoW0R_1.png,kkQArBREMnrdoW0R,1,15.401739324081595,120.4161866100743,ph,270,2,6739643232532D6A444E5177664B53397849476A5351
kkQArBREMnrdoW0R_2.png,kkQArBREMnrdoW0R,2,34.896901618777825,135.8755651471215,jp,157,2,56306E413961305342786C696F5F6844653639634E51
kkQArBREMnrdoW0R_3.png,kkQArBREMnrdoW0R,3,40.46668489511058,23.23919104459465,gr,265,2,6E5A3862754948306A686643467452707A6570694177
kkQArBREMnrdoW0R_4.png,kkQArBREMnrdoW0R,4,46.161973011256954,16.815169637951218,hr,212,2,57695344703668355075665231666F6A4C6378425841
kkQArBREMnrdoW0R_5.png,kkQArBREMnrdoW0R,5,38.79187762911899,34.55887259765481,tr,1,2,5763717761774473522D666445666E63493338503641
lCqI2T7mSJAgSbAi_1.png,lCqI2T7mSJAgSbAi,1,37.40331795994287,-79.19681223693227,us,183,0,737250687A4C6D776B517362584D7A346B56576A4777
lCqI2T7mSJAgSbAi_2.png,lCqI2T7mSJAgSbAi,2,39.17006116142357,-84.8528483113539,us,21,0,6A4F617373434653594E42684344744B786952437751
lCqI2T7mSJAgSbAi_3.png,lCqI2T7mSJAgSbAi,3,32.67896094288081,-115.49807431669446,us,271,0,4939723574737037694F505F65474B2D4B6F59635577
lCqI2T7mSJAgSbAi_4.png,lCqI2T7mSJAgSbAi,4,57.4862337828728,26.973611187552056,lv,76,0,4C6D77362D694D484D6B5449725F4D4A462D62517467
lCqI2T7mSJAgSbAi_5.png,lCqI2T7mSJAgSbAi,5,18.004623759533192,-93.57952543730036,mx,271,0,3071447A353841793641694C386652785F5551422D67
lHnt4Veq3Tu10VKJ_1.png,lHnt4Veq3Tu10VKJ,1,35.72851805124127,138.7131918102342,jp,343,0,6A522D64393873332D7A444367737536774E71397A77
lHnt4Veq3Tu10VKJ_2.png,lHnt4Veq3Tu10VKJ,2,-32.09307212351591,116.01398427028714,au,234,0,6F4A57634C685F5863446E46365A436334546E736841
lHnt4Veq3Tu10VKJ_3.png,lHnt4Veq3Tu10VKJ,3,6.223870900203518,102.11757425898507,my,131,0,59786875514D6B33646B4A5F6D4167302D7572335867
lHnt4Veq3Tu10VKJ_4.png,lHnt4Veq3Tu10VKJ,4,-40.47041529670287,175.28190206863337,nz,22,0,79517A375576334E4B553571783235694C3147337167
lHnt4Veq3Tu10VKJ_5.png,lHnt4Veq3Tu10VKJ,5,40.00618634822877,-79.06405176541557,us,107,0,735348582D6C6A314A4134726F5535415470656D7567
lesmx8gOI1f44LS4_1.png,lesmx8gOI1f44LS4,1,36.35774608272417,-5.864388125268641,es,81,2,3973355A526F4E514C5667314D337061375838525651
lesmx8gOI1f44LS4_2.png,lesmx8gOI1f44LS4,2,-24.340670588001977,133.45947528593533,au,249,2,507A383246526B65746D4E4A5F375353534C55796F41
lesmx8gOI1f44LS4_3.png,lesmx8gOI1f44LS4,3,1.4983544145718322,127.55080773341662,id,137,2,364D58647A503136787055526E6E6F49656D574C5F51
lesmx8gOI1f44LS4_4.png,lesmx8gOI1f44LS4,4,20.41700744044551,-102.09138842665544,mx,88,2,4B595561666C546A324D71434732337742797A673467
lesmx8gOI1f44LS4_5.png,lesmx8gOI1f44LS4,5,15.259181614924598,100.25744472233363,th,188,2,3852617971625254594F3575676A4972387946697851
mMZ8js56Rj2JtLlc_1.png,mMZ8js56Rj2JtLlc,1,0.47158815514841673,112.70004834924286,id,223,2,666C75502D4A616C42724830417051735058304F4567
mMZ8js56Rj2JtLlc_2.png,mMZ8js56Rj2JtLlc,2,48.446102434087585,19.32876425608966,sk,126,2,642D73756E545163634C566573436832764241394B41
mMZ8js56Rj2JtLlc_3.png,mMZ8js56Rj2JtLlc,3,50.19535686935763,11.787328237366895,de,8,2,477533596F756E3331706D526B76464D6E35724D3341
mMZ8js56Rj2JtLlc_4.png,mMZ8js56Rj2JtLlc,4,16.179622713235915,103.27951351014651,th,161,2,6D344B30353748663532786A54632D675269494B3141
mMZ8js56Rj2JtLlc_5.png,mMZ8js56Rj2JtLlc,5,50.38558760558183,17.04119010530152,cz,116,2,326479786361746D57757637327A7A4F79754A6F3967
nnxZ3V6PpY9PoPLX_1.png,nnxZ3V6PpY9PoPLX,1,63.78206462838923,9.591456260797946,no,223.04039001464844,0.8299999833106995,66646773414D673359575944734B555970796E546841
nnxZ3V6PpY9PoPLX_2.png,nnxZ3V6PpY9PoPLX,2,-45.277227749551265,169.32895591968784,nz,138.13653564453125,1.8200000524520874,525044476B4774547266385151596942714B69755167
nnxZ3V6PpY9PoPLX_3.png,nnxZ3V6PpY9PoPLX,3,-1.0463129,36.8779289,ke,272.57708740234375,10,31344F597A46377972485A6F4777387A424173616E77
nnxZ3V6PpY9PoPLX_4.png,nnxZ3V6PpY9PoPLX,4,-27.907433034339977,24.86743657815401,za,258.328125,0,5A626D31326E655844554A74536C71394D3178675177
nnxZ3V6PpY9PoPLX_5.png,nnxZ3V6PpY9PoPLX,5,36.327167852303745,-115.77110116514842,us,14.48208999633789,1.7400000095367432,6F3472566345727A5A4A4A664C69504A774270337341
oIqmyQzBGtaIeI84_1.png,oIqmyQzBGtaIeI84,1,-29.429020264296067,-66.87784560117305,ar,98,0,657364396E5F38646F6868594177464670344B784D41
oIqmyQzBGtaIeI84_2.png,oIqmyQzBGtaIeI84,2,50.16879409015209,4.412155077439734,be,15,0,314D426637564A5A6938394F394B31304D5473363367
oIqmyQzBGtaIeI84_3.png,oIqmyQzBGtaIeI84,3,46.408335166776226,-117.00749450851082,us,270,0,4850646F515178592D67566C3266487161456D394767
oIqmyQzBGtaIeI84_4.png,oIqmyQzBGtaIeI84,4,-8.374078116992523,-74.56708958507829,pe,131,0,2D5250783373654232645772416D34766776716E5441
oIqmyQzBGtaIeI84_5.png,oIqmyQzBGtaIeI84,5,46.81329986627781,6.61616512843374,ch,318,0,58683361384258654339374F5431795865452D5F7A77
oUaCVxfbGe5Aj0AA_1.png,oUaCVxfbGe5Aj0AA,1,47.42431972864204,34.6167219295356,ua,16,2,67666B595143464139545849705A59584F5864634667
oUaCVxfbGe5Aj0AA_2.png,oUaCVxfbGe5Aj0AA,2,25.211526010175508,51.4704945707653,qa,154,2,76494B614B6E57594B7A514235667A566A727A4E6577
oUaCVxfbGe5Aj0AA_3.png,oUaCVxfbGe5Aj0AA,3,37.611769976300344,127.08198711668035,kr,19,2,6C3179434470667A3276724161523663727435623341
oUaCVxfbGe5Aj0AA_4.png,oUaCVxfbGe5Aj0AA,4,51.609646337175604,11.614506106161938,de,177,2,4A765057624E536974626D75436F566762434F724B67
oUaCVxfbGe5Aj0AA_5.png,oUaCVxfbGe5Aj0AA,5,-34.37768422642697,-54.51044798733757,uy,112,2,7459665A516E546977646D436D4868766F7437386477
qDVJNPKVIYAK5Irg_1.png,qDVJNPKVIYAK5Irg,1,14.798279554467822,120.32907392291743,ph,208,0,6648314873357238394D4F656F46334D714C66485077
qDVJNPKVIYAK5Irg_2.png,qDVJNPKVIYAK5Irg,2,46.68485173784923,113.30166354646104,mn,91,0,33744C35696C334139734B696C566E5F326641635941
qDVJNPKVIYAK5Irg_3.png,qDVJNPKVIYAK5Irg,3,55.84797627328122,21.471811209801597,lt,301,0,30316730516377496865634B764A335670316B643977
qDVJNPKVIYAK5Irg_4.png,qDVJNPKVIYAK5Irg,4,66.4812653832537,25.826247354233168,fi,269,0,43466B56377777567253545030634277395771516867
qDVJNPKVIYAK5Irg_5.png,qDVJNPKVIYAK5Irg,5,15.130737680167345,145.74018076718198,mp,312,0,78785F6B54373954644D557141306F43576735486A77
qKKfsK89gK6yZii9_1.png,qKKfsK89gK6yZii9,1,53.179052350929254,11.291842119279726,de,25,0,745149796D554366576D6B45317765446838737A6367
qKKfsK89gK6yZii9_2.png,qKKfsK89gK6yZii9,2,34.24787380005762,-88.99899229556262,us,74,0,327A39565A5570594C6D523771436B6D616A57424877
qKKfsK89gK6yZii9_3.png,qKKfsK89gK6yZii9,3,53.426024295220884,13.016930930777551,de,68,0,7A425644344C38526B6E4136323632334C43536B4667
qKKfsK89gK6yZii9_4.png,qKKfsK89gK6yZii9,4,41.4947099139863,9.056739109445244,fr,248,0,304555566C2D6F74317A2D456F59514F304A2D454D51
qKKfsK89gK6yZii9_5.png,qKKfsK89gK6yZii9,5,-21.760783793053392,-53.26347710893188,br,14,0,5A3261535231715145436666394276757054545F3051
qOTM2e7p8dcC02Fz_1.png,qOTM2e7p8dcC02Fz,1,-6.557617235876599,106.59884027184943,id,198.44601440429688,1.7899999618530273,79516D6D362D4B44566A4A5379786C4D726A78303367
qOTM2e7p8dcC02Fz_2.png,qOTM2e7p8dcC02Fz,2,-7.344053445266932,-43.12377660810795,br,166.14205932617188,0.10000000149011612,455569384B696959674D7849396176684E34326F6D41
qOTM2e7p8dcC02Fz_3.png,qOTM2e7p8dcC02Fz,3,-37.885171071717274,144.653401328472,au,127.68560028076172,0.2199999988079071,637969393934696251367378436839516E7832646467
qOTM2e7p8dcC02Fz_4.png,qOTM2e7p8dcC02Fz,4,60.12029353700876,22.84992665076838,fi,183.83984375,0.09000000357627869,38554E5566326B32564D3131365A754D636F714D3541
qOTM2e7p8dcC02Fz_5.png,qOTM2e7p8dcC02Fz,5,33.02818670773867,-89.17438105669486,us,40.32952880859375,1.809999942779541,4E53324774784A763038727950773562484C76683141
qPJtxO4pQJtlqpth_1.png,qPJtxO4pQJtlqpth,1,53.76604487285164,87.58893247718635,ru,105,0,654D5F446A5A47623734385145486D61786159767051
qPJtxO4pQJtlqpth_2.png,qPJtxO4pQJtlqpth,2,43.51174926140359,44.57108742695689,ru,343,0,715A704B314C5A635A443241765657552D7A77577077
qPJtxO4pQJtlqpth_3.png,qPJtxO4pQJtlqpth,3,7.936870219421167,-80.40455280053033,pa,243,0,787674434332426A6364564E6831796F6A6A72324D67
qPJtxO4pQJtlqpth_4.png,qPJtxO4pQJtlqpth,4,35.190352830989475,-114.0477611070988,us,107,0,6E394A71495367514B2D565547707A396A39796B4B41
qPJtxO4pQJtlqpth_5.png,qPJtxO4pQJtlqpth,5,58.70903558444314,81.49238351651918,ru,200,0,624448746D6C44552D6F364171595A736E5157575177
qREuLz0JK8CfSFMC_1.png,qREuLz0JK8CfSFMC,1,33.65497033668703,135.35747272001691,jp,95,2,642D436A4B79417A75786972705042326A714F537441
qREuLz0JK8CfSFMC_2.png,qREuLz0JK8CfSFMC,2,-26.871531405605488,-65.42144282142878,ar,175,2,4657675859533970364A343530445345576A57626D51
qREuLz0JK8CfSFMC_3.png,qREuLz0JK8CfSFMC,3,54.418044445560795,10.400655002664978,de,123,2,47526A3855654D657673494577613531654742454867
qREuLz0JK8CfSFMC_4.png,qREuLz0JK8CfSFMC,4,-32.434232994679306,-71.0657837960848,cl,238,2,624D7977524F474F434B54577939444C474853317041
qREuLz0JK8CfSFMC_5.png,qREuLz0JK8CfSFMC,5,-13.126611374796942,-75.54383432332033,pe,12,2,514F2D4569355467565F58306C344156334352504C51
qRoLM1xS7DE5KEjE_1.png,qRoLM1xS7DE5KEjE,1,-12.738568921538969,-42.20604670210759,br,175.20068359375,0.3700000047683716,43337064346F41366776305765526B78437475453767
qRoLM1xS7DE5KEjE_2.png,qRoLM1xS7DE5KEjE,2,-42.65193050910836,-70.28022848621583,ar,80.68267059326172,0.2199999988079071,316932325F38704863575869752D6568726B374C4B67
qRoLM1xS7DE5KEjE_3.png,qRoLM1xS7DE5KEjE,3,-3.098559404507495,-45.64081040109335,br,184.26451110839844,1.2999999523162842,6C545662557A696D3138664E61644B4E753036427041
qRoLM1xS7DE5KEjE_4.png,qRoLM1xS7DE5KEjE,4,59.16281355476855,39.42745879474644,ru,139,0,4F654D46773943645739434246654C616A585F746B51
qRoLM1xS7DE5KEjE_5.png,qRoLM1xS7DE5KEjE,5,58.73218940529151,24.355786912018658,ee,356.0295715332031,1.7899999618530273,7446546A7A56453867616A5139794149534A75496E77
sFHfIZ209HMmIVTP_1.png,sFHfIZ209HMmIVTP,1,65.58954311758846,-23.965653920574507,is,289,2,7052546B4D654F68516C7746736C7456336748596E51
sFHfIZ209HMmIVTP_2.png,sFHfIZ209HMmIVTP,2,51.460551821308535,5.620752188580694,nl,163,2,674F47427A5975764D676773564F5057594550545277
sFHfIZ209HMmIVTP_3.png,sFHfIZ209HMmIVTP,3,-30.103029190185488,23.659519430710997,za,187,2,773953484D525932694E3541584E2D32556634565867
sFHfIZ209HMmIVTP_4.png,sFHfIZ209HMmIVTP,4,9.197706830649095,7.182608691481763,ng,239,2,394E6F63527761676C7A4854453033464F3467754467
sFHfIZ209HMmIVTP_5.png,sFHfIZ209HMmIVTP,5,36.720888965832955,139.85743413037372,jp,289,2,546E516F524C75344359515639545954534C524A5A77
sMPhUAFKpkB21pnD_1.png,sMPhUAFKpkB21pnD,1,9.051514737337179,-75.74462623986078,co,28,2,6D68446B6F313961615F38733236624F64576F4C7A51
sMPhUAFKpkB21pnD_2.png,sMPhUAFKpkB21pnD,2,-5.799791613104303,-79.83501574287472,pe,150,2,354A5666644D50634B6F49436C736756326267665677
sMPhUAFKpkB21pnD_3.png,sMPhUAFKpkB21pnD,3,50.91859112033263,-4.24861746369561,gb,135,2,614849307946665F694A366E3559572D71354E614741
sMPhUAFKpkB21pnD_4.png,sMPhUAFKpkB21pnD,4,45.368011102475116,-62.83949285721218,ca,67,2,787435454F31774D6B347341346B635F5873554E4677
sMPhUAFKpkB21pnD_5.png,sMPhUAFKpkB21pnD,5,13.460731668164028,144.8324129501151,gu,234,2,6D747361474C794B7271616A746739744C41594F7467
sf2wEErB2IDY3qJ5_1.png,sf2wEErB2IDY3qJ5,1,45.82119766731901,81.66488471401284,kz,303.2958679199219,7,743068364F447353725A756F646830556E6C4C305451
sf2wEErB2IDY3qJ5_2.png,sf2wEErB2IDY3qJ5,2,-1.7092589809944316,100.76822958917323,id,161.57437133789062,1.7000000476837158,5871546A4779754E5832705754586D6E577871734851
sf2wEErB2IDY3qJ5_3.png,sf2wEErB2IDY3qJ5,3,-0.5277741579485683,37.14793005176429,ke,329.43939208984375,10,634178424F6A2D43553135585A39356977664A374F51
sf2wEErB2IDY3qJ5_4.png,sf2wEErB2IDY3qJ5,4,-36.48987905989784,174.49833504575622,nz,51.108489990234375,1.75,5779725A72533636626A2D3448585A73797152566741
sf2wEErB2IDY3qJ5_5.png,sf2wEErB2IDY3qJ5,5,-37.84438106066063,176.36014579437528,nz,47.41572952270508,0.75,412D786344592D5159664F4642493265616957476777
sq3HZiEly0mZ6jNJ_1.png,sq3HZiEly0mZ6jNJ,1,-32.248765868797996,-56.224091130886535,uy,48.830360412597656,0.5099999904632568,3276416C504970525735386E743343614F574E576D41
sq3HZiEly0mZ6jNJ_2.png,sq3HZiEly0mZ6jNJ,2,23.281634702280325,90.04187380092563,bd,219.00811767578125,1.059999942779541,5A75546C494A376E50414B75304962546B6548507467
sq3HZiEly0mZ6jNJ_3.png,sq3HZiEly0mZ6jNJ,3,40.291650534917736,-1.3430585188549211,es,312.3145446777344,1.940000057220459,644F686B4D4868467063677461786B44544657646B67
sq3HZiEly0mZ6jNJ_4.png,sq3HZiEly0mZ6jNJ,4,22.50475667539855,90.6794603225881,bd,253.81761169433594,0.7799999713897705,726962536932494734424B336C496D48714F4A697967
sq3HZiEly0mZ6jNJ_5.png,sq3HZiEly0mZ6jNJ,5,41.627895935838076,-91.87158066412543,us,180.10321044921875,0.2800000011920929,655A4565775164496D4A764353384B4B464A734F7667
tFoKseRvMTUy6eCq_1.png,tFoKseRvMTUy6eCq,1,-18.457769188549936,-41.813088255868045,br,323,2,4138444E446241744434326459724259355A7A6A6867
tFoKseRvMTUy6eCq_2.png,tFoKseRvMTUy6eCq,2,52.52225518964005,-109.14549798743401,ca,0,2,733130594947437856356A4A6C6259516E5864333151
tFoKseRvMTUy6eCq_3.png,tFoKseRvMTUy6eCq,3,39.72595629492896,-8.238555806827943,pt,107,2,366A4B486F6255626E594433757565302D36755F6F41
tFoKseRvMTUy6eCq_4.png,tFoKseRvMTUy6eCq,4,35.64372448333338,-89.44849916691444,us,123,2,4369365179554259493561694F30465A364171593041
tFoKseRvMTUy6eCq_5.png,tFoKseRvMTUy6eCq,5,34.76340510991686,10.72136556921896,tn,259,2,457A34753555433975474D684C614151423041485841
uluG1Pbks9IwTjsA_1.png,uluG1Pbks9IwTjsA,1,38.68965343838651,0.10209029856347758,es,177,0,38372D324D5A61584D33716F78325732465156636E41
uluG1Pbks9IwTjsA_2.png,uluG1Pbks9IwTjsA,2,48.73665907843134,4.908783426690852,fr,111,0,706B315A436D446C70484D724E79462D584837443451
uluG1Pbks9IwTjsA_3.png,uluG1Pbks9IwTjsA,3,52.28790525147723,20.865383098871348,pl,49,0,3242566D30614F48586E61696461705A646D4A614D41
uluG1Pbks9IwTjsA_4.png,uluG1Pbks9IwTjsA,4,36.867507637829775,10.288028220009267,tn,124,0,742D33634248307046784F784E54733641367A4C2D67
uluG1Pbks9IwTjsA_5.png,uluG1Pbks9IwTjsA,5,-1.5447237964856153,103.59257165311959,id,58,0,4B57774F382D636834456F4754726865574768396D41
va4YOTJhmCbe6lWr_1.png,va4YOTJhmCbe6lWr,1,55.13892847506694,-7.561123328106459,ie,322,2,346C3562324B79494B586F5F677554424F4B364D6941
va4YOTJhmCbe6lWr_2.png,va4YOTJhmCbe6lWr,2,17.0363008214716,107.06434446834245,vn,197,2,44524E5F2D4736484966786551537476327874526467
va4YOTJhmCbe6lWr_3.png,va4YOTJhmCbe6lWr,3,56.55582043844,8.324897626827434,dk,185,2,4D41704C526B63615A522D68776B6C4B664D65776D51
va4YOTJhmCbe6lWr_4.png,va4YOTJhmCbe6lWr,4,1.8505033270382025,37.87278926959778,ke,34,2,6231657A6E3251704C56446768785333775738697851
va4YOTJhmCbe6lWr_5.png,va4YOTJhmCbe6lWr,5,66.22696202645479,27.40524685604401,fi,136,2,4368664670696E696D4B4D313749706A4A596C384B67
w3MFlsmvpeCTNUcG_1.png,w3MFlsmvpeCTNUcG,1,46.5217819063286,41.143969817816924,ru,96,2,4E4B4A712D4A53554B3666724E6C5F61376565707051
w3MFlsmvpeCTNUcG_2.png,w3MFlsmvpeCTNUcG,2,41.759871645923425,22.86091528870586,mk,92,2,6C50753530505A7046506534384B62777A70374F6C41
w3MFlsmvpeCTNUcG_3.png,w3MFlsmvpeCTNUcG,3,46.02570861947937,0.8314887338124943,fr,217,2,7537617A4B35316A5F5763444375502D45512D4D4377
w3MFlsmvpeCTNUcG_4.png,w3MFlsmvpeCTNUcG,4,23.290184051648893,81.35545783663531,in,186,2,354173416D54385771694A46544C794E74686F796851
w3MFlsmvpeCTNUcG_5.png,w3MFlsmvpeCTNUcG,5,0.8615030376773726,-78.4525772629001,ec,320,2,7971694543777650635379684670496C365162683767
xYdYhcgnMuyj35eG_1.png,xYdYhcgnMuyj35eG,1,42.96360687712021,-79.06731597703181,ca,267.7720642089844,0.8199999928474426,2D79527A68394E4A4244644B6E5354506D3134353541
xYdYhcgnMuyj35eG_2.png,xYdYhcgnMuyj35eG,2,59.28784151791572,14.15278003229394,se,143.10047912597656,1.9500000476837158,6A4E4845516B5537332D4C546F3463394E5270594C51
xYdYhcgnMuyj35eG_3.png,xYdYhcgnMuyj35eG,3,22.751290559296724,-98.34599606983384,mx,132.24639892578125,1.9500000476837158,6E5A516937656F6859596970495761453767636C3051
xYdYhcgnMuyj35eG_4.png,xYdYhcgnMuyj35eG,4,-33.0324059582013,-63.6787666705383,ar,100.26547241210938,1.7100000381469727,6A77644F6D597634454338434E6651346B354F794851
xYdYhcgnMuyj35eG_5.png,xYdYhcgnMuyj35eG,5,56.21534966976303,12.997511483085892,se,258.0318298339844,1.7799999713897705,37752D5445745377783142314368576F77304A356B41
xnoF4a1DE73F1kiV_1.png,xnoF4a1DE73F1kiV,1,-3.839547368733298,120.22523331279845,id,135,2,7963686F4F524430487453385933346B4E5A73777077
xnoF4a1DE73F1kiV_2.png,xnoF4a1DE73F1kiV,2,-21.31052844117742,55.80131840925362,fr,21,2,70317756486A2D664B484C31657569716A4746583341
xnoF4a1DE73F1kiV_3.png,xnoF4a1DE73F1kiV,3,17.99253756892484,102.63904079385534,la,33,2,445754657A7935756C4C6B525769743645376C594C41
xnoF4a1DE73F1kiV_4.png,xnoF4a1DE73F1kiV,4,61.53723725666345,7.289675943792047,no,9,2,736E635953564B6D6E7353493065754142696B495777
xnoF4a1DE73F1kiV_5.png,xnoF4a1DE73F1kiV,5,31.82450751205717,35.91101965764359,jo,11,2,786A64746645414C3952395072356D79563658587367
z2mhsiTu4DYWixQf_1.png,z2mhsiTu4DYWixQf,1,8.101618459101019,-80.98141527607419,pa,22,0,46305F304E4C497251614945336F496268477A484C51
z2mhsiTu4DYWixQf_2.png,z2mhsiTu4DYWixQf,2,37.294067434801356,35.733252493487505,tr,228,0,5A2D6D524E335444304249433176366241486A636467
z2mhsiTu4DYWixQf_3.png,z2mhsiTu4DYWixQf,3,66.02490216977321,57.49831411046696,ru,160,0,77344A6179674B4D685630562D7030612D4662663177
z2mhsiTu4DYWixQf_4.png,z2mhsiTu4DYWixQf,4,40.69532556732793,-3.513594409560749,es,19,0,5937754A303749766C4261415039344C713561674D67
z2mhsiTu4DYWixQf_5.png,z2mhsiTu4DYWixQf,5,31.717551712114965,35.78556985243853,jo,16,0,6556556D335F5A733750317835636B30553666637277
z5NxwG2Ul6PVWSaj_1.png,z5NxwG2Ul6PVWSaj,1,46.29352664848825,25.036737625266568,ro,240,0,4A4F7A4E493158726246326C41387047587850473141
z5NxwG2Ul6PVWSaj_2.png,z5NxwG2Ul6PVWSaj,2,23.076832796713383,81.32842507949925,in,275,0,6C4D38326F4A38483858307432435F34334357754B51
z5NxwG2Ul6PVWSaj_3.png,z5NxwG2Ul6PVWSaj,3,36.262262745974546,139.61205603178234,jp,115,0,345431515530467A32536739573472694D7352727867
z5NxwG2Ul6PVWSaj_4.png,z5NxwG2Ul6PVWSaj,4,8.429530586451657,-82.44591980116891,pa,293,0,6855567A4379543356335A6E50476A72446A72663667
z5NxwG2Ul6PVWSaj_5.png,z5NxwG2Ul6PVWSaj,5,-0.8851110202301407,36.95353623593468,ke,311,0,496D6F4F6C3147697A64434E3042465A7868486A3051
